Data,close,high,low,open,volume
2018-01-02,9.55,9.6,9.495,9.565,2900.0
2018-01-03,9.5975,9.605,9.55,9.5625,2582.0
2018-01-04,9.5925,9.6,9.5025,9.5925,2133.0
2018-01-05,9.615,9.665,9.6,9.6,1278.0
2018-01-08,9.5825,9.6225,9.515,9.6075,988.0
2018-01-09,9.5575,9.5925,9.535,9.5875,580.0
2018-01-10,9.47,9.54,9.445,9.5325,574.0
2018-01-11,9.405,9.4825,9.4,9.46,204.0
2018-01-12,9.44,9.44,9.3725,9.4025,149724.0
2018-01-16,9.68,9.7,9.6325,9.65,97797.0
2018-01-17,9.6875,9.6925,9.6125,9.6625,91701.0
2018-01-18,9.73,9.7475,9.665,9.6875,74574.0
2018-01-19,9.7725,9.8275,9.72,9.725,105770.0
2018-01-22,9.8425,9.8725,9.8,9.805,124262.0
2018-01-23,9.8625,9.8875,9.795,9.83,107959.0
2018-01-24,9.9225,9.9475,9.8025,9.8575,139169.0
2018-01-25,9.9225,10.02,9.87,9.92,154146.0
2018-01-26,9.855,9.955,9.8375,9.9025,110339.0
2018-01-29,9.915,9.9875,9.8625,9.9225,143395.0
2018-01-30,10.0025,10.0475,9.8825,9.945,169083.0
2018-01-31,9.9575,10.02,9.89,10.0,165828.0
2018-02-01,9.85,9.955,9.775,9.9525,159220.0
2018-02-02,9.7875,9.8625,9.77,9.8575,100314.0
2018-02-05,9.6975,9.775,9.695,9.7625,128425.0
2018-02-06,9.8625,9.875,9.6775,9.6975,179233.0
2018-02-07,9.83,9.9375,9.82,9.8875,167291.0
2018-02-08,9.8775,9.96,9.7775,9.8325,230204.0
2018-02-09,9.83,9.8975,9.7975,9.875,164565.0
2018-02-12,10.0175,10.0425,9.89,9.955,215178.0
2018-02-13,10.1175,10.135,9.9875,10.01,177145.0
2018-02-14,10.1725,10.195,10.06,10.1125,154450.0
2018-02-15,10.2425,10.2475,10.155,10.165,158344.0
2018-02-16,10.215,10.2825,10.12,10.235,146731.0
2018-02-20,10.265,10.39,10.245,10.315,193966.0
2018-02-21,10.3425,10.3825,10.1925,10.2775,133023.0
2018-02-22,10.32,10.37,10.2725,10.34,108212.0
2018-02-23,10.3625,10.395,10.28,10.31,108212.0
2018-02-26,10.3425,10.4775,10.34,10.395,136487.0
2018-02-27,10.38,10.4425,10.3175,10.34,78531.0
2018-02-28,10.45,10.48,10.35,10.3775,14916.0
2018-03-01,10.575,10.575,10.41,10.4375,7733.0
2018-03-02,10.6075,10.71,10.535,10.57,5525.0
2018-03-05,10.6675,10.68,10.5675,10.635,3045.0
2018-03-06,10.645,10.67,10.6075,10.66,2839.0
2018-03-07,10.55,10.63,10.545,10.58,2360.0
2018-03-08,10.5375,10.5725,10.47,10.525,493.0
2018-03-09,10.2925,10.4975,10.2925,10.4975,390.0
2018-03-12,10.3325,10.3425,10.23,10.23,1590.0
2018-03-13,10.405,10.4325,10.355,10.355,249.0
2018-03-14,10.285,10.4275,10.285,10.4225,148683.0
2018-03-15,10.4075,10.4625,10.27,10.31,123213.0
2018-03-16,10.495,10.5,10.4075,10.42,78281.0
2018-03-19,10.225,10.455,10.2175,10.4525,131023.0
2018-03-20,10.2825,10.2975,10.2225,10.2225,78890.0
2018-03-21,10.2975,10.3725,10.2475,10.295,101951.0
2018-03-22,10.2975,10.355,10.2225,10.32,99281.0
2018-03-23,10.2825,10.3425,10.0925,10.265,164881.0
2018-03-26,10.255,10.4025,10.25,10.2625,100548.0
2018-03-27,10.195,10.3125,10.1725,10.27,98041.0
2018-03-28,10.18,10.2325,10.15,10.195,104492.0
2018-03-29,10.4475,10.5075,10.125,10.195,177841.0
2018-04-02,10.355,10.605,10.3525,10.4525,108570.0
2018-04-03,10.38,10.4875,10.3575,10.3625,135404.0
2018-04-04,10.1525,10.4175,9.835,10.3875,352462.0
2018-04-05,10.3125,10.34,10.1175,10.155,219539.0
2018-04-06,10.3375,10.3725,10.03,10.03,164385.0
2018-04-09,10.47,10.5675,10.375,10.3825,171846.0
2018-04-10,10.5,10.64,10.45,10.455,171444.0
2018-04-11,10.4775,10.5875,10.4725,10.5075,121591.0
2018-04-12,10.6075,10.6175,10.4725,10.4775,186951.0
2018-04-13,10.5425,10.6725,10.515,10.6025,118735.0
2018-04-16,10.42,10.5875,10.415,10.5425,101597.0
2018-04-17,10.46,10.4925,10.4,10.4325,81326.0
2018-04-18,10.4175,10.525,10.39,10.4625,94271.0
2018-04-19,10.3725,10.4475,10.3275,10.4175,95799.0
2018-04-20,10.2875,10.385,10.2775,10.37,74206.0
2018-04-23,10.2075,10.3325,10.1725,10.275,72696.0
2018-04-24,10.2225,10.2625,10.1625,10.2075,90059.0
2018-04-25,10.275,10.3325,10.205,10.2225,68707.0
2018-04-26,10.28,10.345,10.24,10.2725,79917.0
2018-04-27,10.45,10.4675,10.19,10.285,64971.0
2018-04-30,10.3775,10.565,10.3675,10.4625,10337.0
2018-05-01,10.425,10.44,10.3125,10.3875,6794.0
2018-05-02,10.3275,10.4125,10.2925,10.4125,5489.0
2018-05-03,10.4325,10.4325,10.2475,10.3275,3158.0
2018-05-04,10.2725,10.39,10.27,10.385,1314.0
2018-05-07,10.0225,10.25,10.0125,10.25,1657.0
2018-05-08,10.1125,10.1175,10.0225,10.0425,784.0
2018-05-09,10.0725,10.1175,10.0225,10.1125,712.0
2018-05-10,10.1325,10.18,10.0725,10.08,389.0
2018-05-11,9.9475,10.0875,9.9325,10.0875,103.0
2018-05-14,10.13,10.135,10.0725,10.0725,131052.0
2018-05-15,10.1875,10.2525,10.0525,10.1725,115400.0
2018-05-16,9.9975,10.185,9.9875,10.1775,100892.0
2018-05-17,9.95,10.075,9.925,10.01,92145.0
2018-05-18,9.985,10.0775,9.9275,9.9575,122151.0
2018-05-21,10.2525,10.27,10.115,10.175,147490.0
2018-05-22,10.305,10.36,10.2025,10.22,106181.0
2018-05-23,10.3925,10.3975,10.2775,10.305,90467.0
2018-05-24,10.3575,10.5075,10.355,10.3975,122485.0
2018-05-25,10.415,10.44,10.355,10.3675,79808.0
2018-05-29,10.305,10.495,10.28,10.4525,128700.0
2018-05-30,10.23,10.3175,10.1475,10.305,134683.0
2018-05-31,10.185,10.3075,10.135,10.23,103115.0
2018-06-01,10.2125,10.265,10.15,10.1925,99974.0
2018-06-04,10.0175,10.145,10.0125,10.1325,101111.0
2018-06-05,10.0125,10.0675,9.9725,10.0225,127577.0
2018-06-06,9.9425,10.0825,9.9375,10.045,90708.0
2018-06-07,9.7425,9.9825,9.73,9.95,173223.0
2018-06-08,9.6925,9.7625,9.625,9.7425,132153.0
2018-06-11,9.5375,9.7225,9.5325,9.6675,136802.0
2018-06-12,9.54,9.6325,9.52,9.565,137200.0
2018-06-13,9.36,9.585,9.3425,9.54,188399.0
2018-06-14,9.2725,9.3775,9.24,9.3375,118204.0
2018-06-15,9.055,9.3775,9.03,9.3375,169719.0
2018-06-18,9.085,9.14,8.9725,9.055,139697.0
2018-06-19,8.89,9.0575,8.415,9.05,196376.0
2018-06-20,8.895,8.96,8.77,8.9075,126765.0
2018-06-21,8.805,8.9125,8.7825,8.895,99476.0
2018-06-22,8.945,8.975,8.7875,8.7925,128481.0
2018-06-25,8.745,8.99,8.7175,8.965,89323.0
2018-06-26,8.6725,8.81,8.625,8.7325,88854.0
2018-06-27,8.675,8.78,8.66,8.68,87401.0
2018-06-28,8.6125,8.695,8.595,8.6525,43758.0
2018-06-29,8.585,8.765,8.575,8.6125,11057.0
2018-07-02,8.485,8.6125,8.4575,8.6,5569.0
2018-07-03,8.44,8.5275,8.43,8.495,0.0
2018-07-05,8.355,8.45,8.34,8.435,3567.0
2018-07-06,8.74,8.7725,8.36,8.36,2510.0
2018-07-09,8.5175,8.675,8.4825,8.675,1258.0
2018-07-10,8.5225,8.6025,8.475,8.49,866.0
2018-07-11,8.2975,8.4225,8.295,8.405,1166.0
2018-07-12,8.3,8.3325,8.26,8.3275,154.0
2018-07-13,8.14,8.315,8.14,8.315,23846.0
2018-07-16,8.295,8.38,8.105,8.185,28635.0
2018-07-17,8.395,8.435,8.3,8.3325,37736.0
2018-07-18,8.4225,8.475,8.3475,8.39,18546.0
2018-07-19,8.46,8.4675,8.3675,8.42,26561.0
2018-07-20,8.4975,8.5325,8.4125,8.46,26319.0
2018-07-23,8.4775,8.5475,8.4725,8.5325,31905.0
2018-07-24,8.58,8.6275,8.425,8.44,39163.0
2018-07-25,8.6075,8.63,8.52,8.6,33013.0
2018-07-26,8.6125,8.81,8.5825,8.7,49688.0
2018-07-27,8.705,8.74,8.5825,8.5825,47143.0
2018-07-30,8.75,8.8125,8.7125,8.785,59118.0
2018-07-31,9.0375,9.06,8.7325,8.755,15115.0
2018-08-01,8.8675,8.98,8.8475,8.98,11347.0
2018-08-02,8.825,8.8675,8.75,8.8675,4368.0
2018-08-03,8.8625,8.865,8.705,8.785,2608.0
2018-08-06,8.7725,8.81,8.725,8.805,1754.0
2018-08-07,8.8925,8.9125,8.8325,8.8775,2138.0
2018-08-08,8.9375,8.9575,8.8975,8.92,1415.0
2018-08-09,8.8775,8.905,8.875,8.905,635.0
2018-08-10,8.46,8.8625,8.4525,8.8625,304.0
2018-08-13,8.535,8.535,8.38,8.38,139.0
2018-08-14,8.645,8.645,8.565,8.585,16365.0
2018-08-15,8.575,8.725,8.565,8.6775,10749.0
2018-08-16,8.855,8.8825,8.545,8.5975,19406.0
2018-08-17,8.815,8.875,8.71,8.8475,19408.0
2018-08-20,8.8175,8.96,8.805,8.8975,10658.0
2018-08-21,8.745,8.8325,8.735,8.74,18546.0
2018-08-22,8.5825,8.7375,8.5725,8.735,21139.0
2018-08-23,8.42,8.6175,8.42,8.575,19488.0
2018-08-24,8.42,8.485,8.4075,8.415,29279.0
2018-08-27,8.3475,8.4,8.2475,8.3825,29914.0
2018-08-28,8.205,8.365,8.2025,8.3325,26658.0
2018-08-29,8.2325,8.3075,8.2,8.2075,24291.0
2018-08-30,8.195,8.315,8.17,8.23,16391.0
2018-08-31,8.33,8.3325,8.16,8.16,0.0
2018-09-04,8.32,8.3875,8.265,8.32,1583.0
2018-09-05,8.255,8.3525,8.255,8.3525,822.0
2018-09-06,8.2675,8.2975,8.2425,8.2825,571.0
2018-09-07,8.32,8.3325,8.265,8.265,402.0
2018-09-10,8.335,8.3825,8.3225,8.3225,173.0
2018-09-11,8.2025,8.3675,8.2025,8.3675,351.0
2018-09-12,8.29,8.29,8.115,8.205,644.0
2018-09-13,8.2275,8.3175,8.2275,8.2825,64.0
2018-09-14,8.215,8.215,8.215,8.215,70421.0
2018-09-17,8.235,8.2975,8.215,8.275,72673.0
2018-09-18,8.14,8.2525,8.1225,8.21,94047.0
2018-09-19,8.3,8.3175,8.1325,8.1375,80961.0
2018-09-20,8.5025,8.55,8.2525,8.3,163230.0
2018-09-21,8.4725,8.4975,8.4125,8.4625,88697.0
2018-09-24,8.41,8.4525,8.3825,8.44,74829.0
2018-09-25,8.4575,8.58,8.3725,8.4125,160953.0
2018-09-26,8.5,8.54,8.4575,8.4625,89464.0
2018-09-27,8.55,8.59,8.465,8.4825,76059.0
2018-09-28,8.455,8.5925,8.42,8.5425,143042.0
2018-10-01,8.5775,8.64,8.43,8.455,152163.0
2018-10-02,8.66,8.6725,8.53,8.5675,117212.0
2018-10-03,8.615,8.7025,8.605,8.66,98123.0
2018-10-04,8.5925,8.685,8.585,8.6,102929.0
2018-10-05,8.69,8.7025,8.515,8.6,167588.0
2018-10-08,8.6975,8.7475,8.625,8.7,123432.0
2018-10-09,8.63,8.725,8.5925,8.6975,141122.0
2018-10-10,8.5225,8.6475,8.4725,8.63,135163.0
2018-10-11,8.5825,8.64,8.47,8.52,161159.0
2018-10-12,8.675,8.68,8.585,8.595,85795.0
2018-10-15,8.915,8.92,8.635,8.67,150598.0
2018-10-16,8.8475,8.9125,8.7925,8.9125,106588.0
2018-10-17,8.8575,8.8975,8.82,8.835,101638.0
2018-10-18,8.635,8.8375,8.6275,8.8225,125411.0
2018-10-19,8.5675,8.6625,8.5625,8.6525,120379.0
2018-10-22,8.585,8.63,8.555,8.5575,124570.0
2018-10-23,8.575,8.6275,8.51,8.575,107486.0
2018-10-24,8.5025,8.5675,8.5,8.5575,187127.0
2018-10-25,8.4175,8.51,8.4,8.5,130130.0
2018-10-26,8.45,8.4925,8.41,8.42,120782.0
2018-10-29,8.39,8.525,8.3725,8.45,114907.0
2018-10-30,8.335,8.42,8.3225,8.39,107969.0
2018-10-31,8.39,8.4225,8.3175,8.3275,18050.0
2018-11-01,8.69,8.75,8.3275,8.37,17055.0
2018-11-02,8.7525,8.885,8.665,8.68,11996.0
2018-11-05,8.73,8.8,8.705,8.77,7226.0
2018-11-06,8.72,8.745,8.6675,8.7225,4267.0
2018-11-07,8.6775,8.7375,8.65,8.72,4552.0
2018-11-08,8.675,8.7125,8.53,8.67,3663.0
2018-11-09,8.7525,8.7575,8.6325,8.67,3311.0
2018-11-12,8.7175,8.74,8.6825,8.74,3178.0
2018-11-13,8.6725,8.7625,8.6725,8.7175,2529.0
2018-11-14,8.705,8.7525,8.6925,8.6925,71293.0
2018-11-15,8.8875,8.975,8.8375,8.8425,87077.0
2018-11-16,8.9225,8.9475,8.8175,8.8975,76599.0
2018-11-19,8.7375,8.9225,8.7125,8.92,95488.0
2018-11-20,8.81,8.8575,8.705,8.7425,68069.0
2018-11-21,8.83,8.89,8.76,8.82,68295.0
2018-11-23,8.81,8.845,8.8,8.8125,35988.0
2018-11-26,8.6225,8.83,8.57,8.81,123317.0
2018-11-27,8.755,8.8,8.5825,8.625,98671.0
2018-11-28,8.905,8.95,8.74,8.7625,118516.0
2018-11-29,8.8725,8.945,8.825,8.9,91228.0
2018-11-30,8.9475,8.965,8.86,8.8725,97858.0
2018-12-03,9.0575,9.2375,9.045,9.1975,178080.0
2018-12-04,9.1175,9.13,8.995,9.0325,107528.0
2018-12-06,9.095,9.1225,8.97,9.115,127436.0
2018-12-07,9.1675,9.18,9.075,9.1,112608.0
2018-12-10,9.0975,9.165,9.085,9.12,109608.0
2018-12-11,9.15,9.1725,9.06,9.0775,114414.0
2018-12-12,9.2,9.28,9.1525,9.16,121344.0
2018-12-13,9.07,9.2,9.0525,9.1875,120802.0
2018-12-14,9.005,9.1,9.0,9.0725,93463.0
2018-12-17,9.0475,9.0925,9.0025,9.0075,76021.0
2018-12-18,9.0775,9.1225,9.0275,9.0275,91101.0
2018-12-19,9.0,9.0975,8.9925,9.07,115946.0
2018-12-20,8.935,9.055,8.9275,9.0,95834.0
2018-12-21,8.8475,8.9475,8.8325,8.915,93658.0
2018-12-24,8.84,8.865,8.795,8.8325,30790.0
2018-12-26,8.7,8.8875,8.695,8.85,56380.0
2018-12-27,8.69,8.76,8.67,8.7075,66899.0
2018-12-28,8.8275,8.8625,8.7,8.705,46910.0
2018-12-31,8.825,8.89,8.7925,8.855,13220.0
2019-01-02,8.9475,8.9775,8.8075,8.815,8393.0
2019-01-03,9.0025,9.0075,8.9225,8.935,5149.0
2019-01-04,9.095,9.1,8.9825,8.9825,6571.0
2019-01-07,9.1225,9.1575,9.095,9.095,4350.0
2019-01-08,9.0625,9.125,9.03,9.1175,3286.0
2019-01-09,9.115,9.1375,9.0525,9.055,2759.0
2019-01-10,8.955,9.1125,8.95,9.08,1094.0
2019-01-11,8.9925,9.0125,8.9725,8.9725,287.0
2019-01-14,8.9075,8.9525,8.9075,8.9525,75988.0
2019-01-15,8.9325,9.08,8.925,9.0425,107769.0
2019-01-16,8.945,9.0,8.9125,8.955,87043.0
2019-01-17,9.0775,9.12,8.9425,8.955,103132.0
2019-01-18,9.1675,9.2025,9.0575,9.0825,112894.0
2019-01-22,9.0925,9.195,8.995,9.165,126766.0
2019-01-23,9.15,9.1825,9.105,9.11,72124.0
2019-01-24,9.16,9.195,9.0925,9.15,85832.0
2019-01-25,9.2525,9.2625,9.13,9.1575,103755.0
2019-01-28,9.2325,9.25,9.1575,9.235,69622.0
2019-01-29,9.19,9.2225,9.1675,9.2175,86953.0
2019-01-30,9.21,9.24,9.1725,9.19,68239.0
2019-01-31,9.1525,9.2675,9.1325,9.195,98081.0
2019-02-01,9.1775,9.3125,9.17,9.21,168136.0
2019-02-04,9.185,9.2375,9.155,9.17,76590.0
2019-02-05,9.2025,9.21,9.135,9.1775,83109.0
2019-02-06,9.2175,9.225,9.175,9.2,98810.0
2019-02-07,9.1325,9.215,9.105,9.195,120903.0
2019-02-08,9.145,9.18,9.08,9.13,134648.0
2019-02-11,9.05,9.1875,9.035,9.1475,124095.0
2019-02-12,9.175,9.1975,9.055,9.055,126536.0
2019-02-13,9.165,9.2,9.1375,9.1675,87709.0
2019-02-14,9.035,9.1825,9.03,9.1575,111538.0
2019-02-15,9.075,9.0975,9.0125,9.0525,113607.0
2019-02-19,9.0075,9.1125,8.9475,9.0725,119260.0
2019-02-20,9.025,9.05,8.9325,9.02,132174.0
2019-02-21,9.11,9.1675,9.0,9.0275,169207.0
2019-02-22,9.1025,9.1475,9.075,9.1025,127436.0
2019-02-25,9.1175,9.21,9.1025,9.18,108509.0
2019-02-26,9.0375,9.1075,8.99,9.1,88696.0
2019-02-27,9.035,9.1,9.0075,9.03,69356.0
2019-02-28,8.975,9.0525,8.97,9.03,13006.0
2019-03-01,8.9925,9.05,8.8825,8.9725,8373.0
2019-03-04,9.0325,9.1225,9.0125,9.0125,4165.0
2019-03-05,9.0125,9.0475,8.9675,9.0475,3339.0
2019-03-06,8.8975,9.035,8.895,9.005,2100.0
2019-03-07,8.9075,8.9375,8.87,8.92,2606.0
2019-03-08,8.8375,8.915,8.8,8.91,1275.0
2019-03-11,8.7775,8.845,8.7775,8.845,436.0
2019-03-12,8.8475,8.85,8.8025,8.805,237.0
2019-03-13,8.89,8.8925,8.825,8.8275,215.0
2019-03-14,8.895,8.895,8.895,8.895,87983.0
2019-03-15,9.0925,9.11,8.9825,8.9925,97847.0
2019-03-18,9.0575,9.115,9.0175,9.1,68441.0
2019-03-19,9.04,9.095,9.0025,9.055,78731.0
2019-03-20,9.06,9.065,8.9925,9.0275,73221.0
2019-03-21,9.105,9.12,9.035,9.06,79287.0
2019-03-22,9.0375,9.12,9.03,9.0975,91931.0
2019-03-25,9.065,9.0825,9.015,9.045,62221.0
2019-03-26,9.0075,9.075,8.995,9.055,64159.0
2019-03-27,8.875,9.0075,8.86,9.0025,108413.0
2019-03-28,8.895,8.9175,8.865,8.88,71399.0
2019-03-29,8.8425,8.9275,8.83,8.8875,96062.0
2019-04-01,8.955,8.99,8.8375,8.84,116288.0
2019-04-02,9.0,9.0125,8.925,8.9575,78593.0
2019-04-03,8.9875,9.03,8.9475,8.9925,63617.0
2019-04-04,9.065,9.0725,8.97,8.9825,112219.0
2019-04-05,8.99,9.0475,8.9625,9.045,102769.0
2019-04-08,8.9875,9.035,8.98,8.99,113476.0
2019-04-09,8.9875,9.0225,8.9475,8.9825,95488.0
2019-04-10,9.02,9.0375,8.9725,8.9875,110699.0
2019-04-11,8.9525,9.04,8.935,9.0125,98642.0
2019-04-12,8.9525,8.985,8.9375,8.95,82118.0
2019-04-15,8.9875,9.02,8.9475,8.95,105410.0
2019-04-16,8.88,8.99,8.8625,8.9825,115185.0
2019-04-17,8.79,8.905,8.785,8.8775,105530.0
2019-04-18,8.805,8.82,8.765,8.7875,77262.0
2019-04-22,8.77,8.8325,8.7625,8.815,80529.0
2019-04-23,8.62,8.7875,8.6075,8.77,168391.0
2019-04-24,8.5525,8.6525,8.545,8.62,87642.0
2019-04-25,8.5925,8.6275,8.535,8.5475,124152.0
2019-04-26,8.5375,8.5975,8.525,8.585,142904.0
2019-04-29,8.475,8.595,8.4725,8.5475,81581.0
2019-04-30,8.4125,8.51,8.385,8.48,11508.0
2019-05-01,8.395,8.43,8.3175,8.41,9763.0
2019-05-02,8.305,8.405,8.2975,8.4,5556.0
2019-05-03,8.295,8.3275,8.2875,8.305,3485.0
2019-05-06,8.175,8.1975,8.045,8.165,2686.0
2019-05-07,8.1775,8.2175,8.15,8.15,2555.0
2019-05-08,8.1425,8.2025,8.1275,8.1925,1990.0
2019-05-09,8.0025,8.105,7.9525,8.1,680.0
2019-05-10,7.97,8.04,7.9525,8.0025,712.0
2019-05-13,7.91,7.91,7.805,7.9025,369.0
2019-05-14,8.1775,8.1775,8.1,8.1,167862.0
2019-05-15,8.355,8.4825,8.27,8.32,182209.0
2019-05-16,8.3975,8.45,8.34,8.34,106299.0
2019-05-17,8.2175,8.4175,8.205,8.4075,119427.0
2019-05-20,8.3175,8.3875,8.2475,8.2825,113522.0
2019-05-21,8.22,8.465,8.19,8.4275,188028.0
2019-05-22,8.285,8.35,8.19,8.195,124467.0
2019-05-23,8.215,8.34,8.17,8.285,125848.0
2019-05-24,8.2975,8.315,8.2,8.215,94258.0
2019-05-28,8.56,8.5825,8.375,8.4,148619.0
2019-05-29,8.72,8.9275,8.635,8.66,216536.0
2019-05-30,8.89,8.895,8.635,8.715,138936.0
2019-05-31,8.7775,8.9075,8.765,8.89,120397.0
2019-06-03,8.79,8.865,8.735,8.7575,127513.0
2019-06-04,8.8175,8.945,8.785,8.9125,146836.0
2019-06-05,8.6975,8.8275,8.6825,8.82,133437.0
2019-06-06,8.6875,8.7225,8.5775,8.6975,115535.0
2019-06-07,8.5625,8.715,8.55,8.6875,126250.0
2019-06-10,8.585,8.66,8.4825,8.5375,109009.0
2019-06-11,8.5925,8.635,8.5025,8.555,138285.0
2019-06-12,8.78,8.8325,8.5325,8.5725,168960.0
2019-06-13,8.88,8.8875,8.7775,8.78,122373.0
2019-06-14,8.9675,8.9825,8.8525,8.875,131228.0
2019-06-17,9.1275,9.14,9.0075,9.01,164353.0
2019-06-18,9.135,9.215,9.0275,9.1825,154004.0
2019-06-19,9.0325,9.135,9.015,9.125,149148.0
2019-06-20,9.155,9.175,8.965,9.0125,147071.0
2019-06-21,9.0275,9.1725,9.025,9.15,139463.0
2019-06-24,9.09,9.1125,8.995,9.02,110371.0
2019-06-25,9.035,9.1775,9.005,9.15,141144.0
2019-06-26,8.9425,9.02,8.9325,9.02,108709.0
2019-06-27,8.8775,8.9825,8.835,8.9325,74477.0
2019-06-28,8.9975,9.06,8.8725,8.8925,16083.0
2019-07-01,8.855,9.1075,8.84,9.1075,4732.0
2019-07-02,8.7625,8.8825,8.7625,8.8625,2636.0
2019-07-03,8.8525,8.8575,8.735,8.755,3531.0
2019-07-05,8.7225,8.8475,8.7175,8.84,1991.0
2019-07-08,8.7525,8.785,8.7,8.78,1340.0
2019-07-09,8.8275,8.8275,8.7075,8.7225,936.0
2019-07-10,8.93,8.93,8.8075,8.845,651.0
2019-07-11,8.9625,8.9625,8.9075,8.94,208.0
2019-07-12,9.0675,9.0675,9.0225,9.0225,29186.0
2019-07-15,9.0175,9.18,9.005,9.1525,26785.0
2019-07-16,8.8775,9.0,8.85,8.9975,64645.0
2019-07-17,8.825,8.9425,8.815,8.875,32882.0
2019-07-18,8.8125,8.8575,8.755,8.8,34663.0
2019-07-19,9.015,9.0575,8.795,8.8175,53086.0
2019-07-22,8.8825,9.0425,8.875,9.015,35788.0
2019-07-23,8.8575,8.925,8.81,8.885,25780.0
2019-07-24,8.91,8.95,8.8375,8.86,47514.0
2019-07-25,8.825,8.96,8.81,8.91,42118.0
2019-07-26,8.8325,8.9,8.815,8.835,62234.0
2019-07-29,8.8575,8.9075,8.8175,8.825,74809.0
2019-07-30,8.7875,8.87,8.715,8.8475,52783.0
2019-07-31,8.64,8.82,8.6275,8.765,10230.0
2019-08-01,8.47,8.6375,8.4275,8.6275,6821.0
2019-08-02,8.5025,8.535,8.4525,8.49,4626.0
2019-08-05,8.5025,8.54,8.3725,8.5225,3186.0
2019-08-06,8.4775,8.5325,8.47,8.485,2306.0
2019-08-07,8.4875,8.4875,8.4425,8.4825,2532.0
2019-08-08,8.65,8.65,8.5175,8.5175,2028.0
2019-08-09,8.7375,8.7525,8.66,8.7175,1592.0
2019-08-12,8.615,8.71,8.6,8.71,324.0
2019-08-13,8.72,8.72,8.7125,8.72,145.0
2019-08-14,8.61,8.695,8.61,8.695,21321.0
2019-08-15,8.58,8.72,8.5775,8.6675,13755.0
2019-08-16,8.6725,8.68,8.5825,8.5825,14071.0
2019-08-19,8.54,8.65,8.52,8.6225,14187.0
2019-08-20,8.5575,8.62,8.53,8.5625,14785.0
2019-08-21,8.605,8.64,8.5425,8.5575,10768.0
2019-08-22,8.56,8.695,8.5525,8.605,18766.0
2019-08-23,8.4325,8.5925,8.42,8.555,35504.0
2019-08-26,8.5375,8.5725,8.42,8.42,39661.0
2019-08-27,8.4625,8.52,8.43,8.515,51663.0
2019-08-28,8.5275,8.5475,8.395,8.4625,41347.0
2019-08-29,8.5625,8.605,8.525,8.5275,42036.0
2019-08-30,8.57,8.6475,8.55,8.5625,6659.0
2019-09-03,8.565,8.565,8.4875,8.555,2239.0
2019-09-04,8.625,8.6375,8.525,8.565,2164.0
2019-09-05,8.4975,8.63,8.4675,8.63,1293.0
2019-09-06,8.45,8.535,8.4475,8.535,657.0
2019-09-09,8.45,8.4775,8.3975,8.43,617.0
2019-09-10,8.5925,8.5925,8.455,8.4725,465.0
2019-09-11,8.54,8.54,8.515,8.5375,648.0
2019-09-12,8.83,8.83,8.6275,8.6275,198.0
2019-09-13,8.8475,8.9025,8.8475,8.9,103085.0
2019-09-16,9.0,9.0475,8.9425,9.0325,90735.0
2019-09-17,8.9375,9.0,8.8825,9.0,91238.0
2019-09-18,8.8875,8.97,8.8675,8.9525,61671.0
2019-09-19,8.93,8.95,8.8625,8.8925,88652.0
2019-09-20,8.8275,8.935,8.8075,8.93,96181.0
2019-09-23,8.925,8.9925,8.8275,8.8275,121013.0
2019-09-24,8.9425,8.99,8.905,8.925,96225.0
2019-09-25,8.8925,8.9775,8.8525,8.94,99066.0
2019-09-26,8.885,8.955,8.8675,8.88,83062.0
2019-09-27,8.83,8.8925,8.815,8.8775,67140.0
2019-09-30,9.06,9.0675,8.8375,8.8475,163353.0
2019-10-01,9.195,9.2,9.0325,9.04,182135.0
2019-10-02,9.1375,9.1875,9.1175,9.1725,114727.0
2019-10-03,9.1175,9.185,9.08,9.13,109300.0
2019-10-04,9.1625,9.2125,9.095,9.11,88001.0
2019-10-07,9.1525,9.195,9.115,9.165,131284.0
2019-10-08,9.205,9.2375,9.105,9.15,149426.0
2019-10-09,9.2375,9.315,9.1825,9.185,165142.0
2019-10-10,9.235,9.34,9.1875,9.195,170687.0
2019-10-11,9.36,9.3925,9.235,9.2375,131889.0
2019-10-14,9.405,9.45,9.305,9.405,131889.0
2019-10-15,9.34,9.4425,9.3325,9.3875,129605.0
2019-10-16,9.28,9.3875,9.275,9.33,102683.0
2019-10-17,9.315,9.4075,9.2725,9.28,119451.0
2019-10-18,9.34,9.385,9.305,9.31,120202.0
2019-10-21,9.3325,9.4,9.3025,9.3075,132043.0
2019-10-22,9.34,9.4525,9.31,9.325,162322.0
2019-10-23,9.3375,9.39,9.2775,9.34,183773.0
2019-10-24,9.3325,9.39,9.3275,9.3375,133429.0
2019-10-25,9.2025,9.3725,9.195,9.335,190315.0
2019-10-28,9.2075,9.26,9.2025,9.215,132478.0
2019-10-29,9.1825,9.2525,9.16,9.21,147901.0
2019-10-30,9.16,9.215,9.1525,9.1775,110262.0
2019-10-31,9.1675,9.2025,9.105,9.1575,14167.0
2019-11-01,9.2425,9.265,9.15,9.155,7099.0
2019-11-04,9.2575,9.2975,9.21,9.2325,1287.0
2019-11-05,9.2175,9.2875,9.2,9.2525,660.0
2019-11-06,9.15,9.2225,9.1425,9.2225,1583.0
2019-11-07,9.25,9.27,9.15,9.165,793.0
2019-11-08,9.195,9.2625,9.1575,9.245,610.0
2019-11-11,9.05,9.1725,9.0425,9.165,798.0
2019-11-12,9.0575,9.0925,9.05,9.06,158.0
2019-11-13,9.025,9.0925,9.02,9.065,342.0
2019-11-14,9.0025,9.0175,9.0025,9.0075,88541.0
2019-11-15,9.1825,9.235,9.1525,9.1825,80816.0
2019-11-18,9.1025,9.2175,9.1,9.19,83364.0
2019-11-19,9.115,9.17,9.1,9.105,90805.0
2019-11-20,9.05,9.1575,9.0425,9.105,118388.0
2019-11-21,9.01,9.0925,9.0025,9.0525,97029.0
2019-11-22,8.97,9.035,8.955,9.005,84251.0
2019-11-25,8.925,9.025,8.92,8.98,77560.0
2019-11-26,8.8425,8.95,8.8275,8.9275,104621.0
2019-11-27,8.82,8.875,8.8125,8.8475,88224.0
2019-11-29,8.7675,8.8475,8.7575,8.8325,66997.0
2019-12-02,8.705,8.83,8.675,8.7775,125372.0
2019-12-03,8.71,8.7575,8.6825,8.735,111142.0
2019-12-04,8.78,8.8,8.715,8.7225,102632.0
2019-12-05,8.8425,8.8875,8.7725,8.78,108171.0
2019-12-06,8.895,8.94,8.845,8.8475,159565.0
2019-12-09,8.9725,9.035,8.8975,8.9175,179217.0
2019-12-10,9.0125,9.0225,8.9625,8.975,100653.0
2019-12-11,8.935,9.02,8.92,8.9875,154948.0
2019-12-12,8.9825,9.0175,8.8825,8.93,129658.0
2019-12-13,9.075,9.17,9.015,9.06,167011.0
2019-12-16,9.22,9.2275,9.125,9.125,108734.0
2019-12-17,9.2875,9.31,9.2025,9.2125,137658.0
2019-12-18,9.285,9.3,9.23,9.28,98044.0
2019-12-19,9.245,9.2925,9.2125,9.2675,82259.0
2019-12-20,9.2825,9.3,9.24,9.25,88295.0
2019-12-23,9.34,9.37,9.275,9.29,100647.0
2019-12-24,9.365,9.375,9.29,9.33,45245.0
2019-12-26,9.3775,9.4,9.3675,9.3775,42300.0
2019-12-27,9.295,9.415,9.2875,9.3725,72394.0
2019-12-30,9.395,9.41,9.2725,9.29,54975.0
2019-12-31,9.43,9.435,9.3375,9.3925,10926.0
2020-01-02,9.4425,9.49,9.4175,9.4325,2217.0
2020-01-03,9.305,9.4525,9.2675,9.445,2272.0
2020-01-06,9.3275,9.3625,9.29,9.2925,1524.0
2020-01-07,9.35,9.35,9.2875,9.335,866.0
2020-01-08,9.3825,9.4,9.3575,9.3625,576.0
2020-01-09,9.3375,9.4325,9.31,9.4325,345.0
2020-01-10,9.35,9.355,9.275,9.315,203.0
2020-01-13,9.2925,9.385,9.2925,9.385,82.0
2020-01-14,9.285,9.3475,9.285,9.29,84463.0
2020-01-15,9.2875,9.4325,9.2825,9.42,119742.0
2020-01-16,9.24,9.3025,9.22,9.2975,101998.0
2020-01-17,9.2975,9.335,9.2,9.245,90936.0
2020-01-21,9.16,9.315,9.1525,9.3,119955.0
2020-01-22,9.1375,9.22,9.1325,9.17,92153.0
2020-01-23,9.095,9.1475,9.04,9.14,98543.0
2020-01-24,9.02,9.0925,9.0075,9.0925,77349.0
2020-01-27,8.9725,9.0,8.8825,8.9925,107839.0
2020-01-28,8.95,8.98,8.885,8.975,86749.0
2020-01-29,8.93,9.03,8.9075,8.96,77353.0
2020-01-30,8.7625,8.9375,8.755,8.935,123089.0
2020-01-31,8.725,8.8275,8.7225,8.8,88324.0
2020-02-03,8.77,8.7875,8.6875,8.7075,138975.0
2020-02-04,8.795,8.87,8.7375,8.7625,102451.0
2020-02-05,8.8,8.88,8.78,8.8,75259.0
2020-02-06,8.81,8.8625,8.7675,8.8,110541.0
2020-02-07,8.82,8.8475,8.7625,8.8325,124917.0
2020-02-10,8.8425,8.8975,8.795,8.83,145123.0
2020-02-11,8.8475,8.89,8.78,8.8575,134299.0
2020-02-12,8.925,8.93,8.815,8.855,163370.0
2020-02-13,8.9625,8.9975,8.885,8.91,193428.0
2020-02-14,8.9375,8.9925,8.9,8.9625,130575.0
2020-02-18,8.9225,8.985,8.8925,8.9475,133199.0
2020-02-19,8.9725,8.9825,8.85,8.9225,142100.0
2020-02-20,8.9275,8.98,8.9125,8.965,99285.0
2020-02-21,8.905,9.02,8.875,8.92,139963.0
2020-02-24,8.7425,8.885,8.7075,8.88,91246.0
2020-02-25,8.79,8.8075,8.7325,8.755,56793.0
2020-02-26,8.81,8.8825,8.755,8.795,86864.0
2020-02-27,8.8625,8.8775,8.6675,8.805,67399.0
2020-02-28,8.835,8.8725,8.745,8.8625,11811.0
2020-03-02,8.905,8.95,8.8375,8.8375,4084.0
2020-03-03,8.93,8.955,8.8925,8.9125,3011.0
2020-03-04,8.9875,9.0075,8.9725,8.985,657.0
2020-03-05,8.89,8.965,8.89,8.965,291.0
2020-03-06,8.8325,8.92,8.82,8.9075,406.0
2020-03-09,8.635,8.7175,8.6175,8.65,223.0
2020-03-10,8.73,8.795,8.715,8.7425,380.0
2020-03-11,8.6775,8.785,8.6775,8.7625,228.0
2020-03-12,8.55,8.7125,8.5375,8.7125,8.0
2020-03-13,8.4675,8.4675,8.4675,8.4675,157825.0
2020-03-16,8.2175,8.5475,8.21,8.42,162521.0
2020-03-17,8.2425,8.325,8.22,8.2475,124052.0
2020-03-18,8.255,8.385,8.2225,8.245,131550.0
2020-03-19,8.4325,8.5575,8.25,8.2925,146051.0
2020-03-20,8.625,8.6475,8.455,8.4575,123550.0
2020-03-23,8.84,8.8525,8.5825,8.6,137562.0
2020-03-24,8.8675,8.8775,8.725,8.84,101830.0
2020-03-25,8.815,8.97,8.805,8.85,101240.0
2020-03-26,8.8025,8.845,8.7125,8.825,92600.0
2020-03-27,8.815,8.8875,8.7525,8.79,85866.0
2020-03-30,8.8225,8.925,8.7675,8.8,75012.0
2020-03-31,8.86,8.875,8.7575,8.825,100917.0
2020-04-01,8.6275,8.8725,8.6075,8.8575,91934.0
2020-04-02,8.5875,8.7,8.57,8.6475,89450.0
2020-04-03,8.5425,8.645,8.505,8.5975,83592.0
2020-04-06,8.555,8.59,8.485,8.535,68720.0
2020-04-07,8.5475,8.6225,8.5425,8.56,86188.0
2020-04-08,8.545,8.605,8.5175,8.5575,79057.0
2020-04-09,8.635,8.67,8.5375,8.555,105524.0
2020-04-13,8.5425,8.7,8.505,8.64,89265.0
2020-04-14,8.47,8.565,8.4575,8.5475,102334.0
2020-04-15,8.42,8.525,8.3875,8.475,111556.0
2020-04-16,8.3675,8.4675,8.3525,8.4075,64484.0
2020-04-17,8.325,8.4275,8.3175,8.3925,56944.0
2020-04-20,8.265,8.3575,8.245,8.335,52383.0
2020-04-21,8.3075,8.335,8.0825,8.26,85886.0
2020-04-22,8.3475,8.39,8.27,8.3125,79892.0
2020-04-23,8.3925,8.4875,8.3375,8.3475,67541.0
2020-04-24,8.3225,8.4375,8.275,8.4,68404.0
2020-04-27,8.29,8.3875,8.2725,8.3125,60072.0
2020-04-28,8.26,8.355,8.225,8.295,63296.0
2020-04-29,8.3175,8.35,8.2475,8.255,32364.0
2020-04-30,8.5025,8.51,8.3375,8.3375,5384.0
2020-05-01,8.4725,8.5075,8.4275,8.4975,2586.0
2020-05-04,8.34,8.435,8.31,8.435,675.0
2020-05-05,8.3825,8.3825,8.325,8.3325,543.0
2020-05-06,8.305,8.3825,8.295,8.3825,319.0
2020-05-07,8.415,8.4525,8.31,8.3425,456.0
2020-05-08,8.4875,8.5625,8.42,8.42,404.0
2020-05-11,8.5225,8.57,8.515,8.57,155.0
2020-05-12,8.4925,8.5475,8.475,8.5275,60.0
2020-05-13,8.36,8.4225,8.36,8.4175,40.0
2020-05-14,8.3525,8.37,8.3525,8.37,66851.0
2020-05-15,8.385,8.43,8.365,8.38,64517.0
2020-05-18,8.45,8.4775,8.3875,8.405,65172.0
2020-05-19,8.425,8.485,8.3925,8.46,71624.0
2020-05-20,8.4675,8.495,8.42,8.42,63343.0
2020-05-21,8.35,8.485,8.3375,8.4675,96034.0
2020-05-22,8.3325,8.395,8.285,8.3525,95907.0
2020-05-26,8.47,8.49,8.3225,8.325,120908.0
2020-05-27,8.485,8.5125,8.435,8.48,89189.0
2020-05-28,8.47,8.5225,8.3875,8.485,82411.0
2020-05-29,8.4075,8.46,8.37,8.46,93470.0
2020-06-01,8.405,8.49,8.34,8.435,119172.0
2020-06-02,8.505,8.56,8.385,8.4,125683.0
2020-06-03,8.575,8.58,8.5125,8.5175,107887.0
2020-06-04,8.6775,8.7325,8.5525,8.57,150610.0
2020-06-05,8.6775,8.735,8.6525,8.68,138816.0
2020-06-08,8.6475,8.715,8.6175,8.6925,117154.0
2020-06-09,8.6325,8.665,8.565,8.64,141206.0
2020-06-10,8.655,8.6925,8.63,8.6325,117232.0
2020-06-11,8.66,8.695,8.61,8.65,114073.0
2020-06-12,8.7125,8.73,8.635,8.665,134400.0
2020-06-15,8.69,8.7175,8.6425,8.705,103929.0
2020-06-16,8.67,8.73,8.6475,8.7075,108921.0
2020-06-17,8.7125,8.7575,8.6,8.665,115263.0
2020-06-18,8.73,8.765,8.7,8.71,101429.0
2020-06-19,8.765,8.805,8.715,8.73,87950.0
2020-06-22,8.7625,8.7975,8.725,8.7525,94353.0
2020-06-23,8.75,8.79,8.65,8.7675,121219.0
2020-06-24,8.7075,8.775,8.7,8.755,90927.0
2020-06-25,8.6925,8.715,8.6175,8.705,69955.0
2020-06-26,8.65,8.7175,8.6275,8.69,97228.0
2020-06-29,8.665,8.695,8.6,8.64,37709.0
2020-06-30,8.8425,8.91,8.64,8.65,10148.0
2020-07-01,8.9375,8.985,8.8325,8.8375,4084.0
2020-07-02,8.925,8.98,8.9025,8.9375,791.0
2020-07-06,8.985,9.015,8.97,8.975,762.0
2020-07-07,8.9525,8.9925,8.94,8.94,285.0
2020-07-08,8.9475,8.9875,8.9125,8.9125,371.0
2020-07-09,8.9825,9.07,8.9825,9.03,171.0
2020-07-10,8.915,9.0075,8.8875,8.985,67.0
2020-07-13,8.765,8.8875,8.765,8.88,21.0
2020-07-14,8.8225,8.8225,8.8225,8.8225,30476.0
2020-07-15,8.8625,8.875,8.775,8.7925,29421.0
2020-07-16,8.935,8.96,8.8675,8.875,29648.0
2020-07-17,8.98,8.9875,8.9275,8.9325,23350.0
2020-07-20,9.03,9.055,8.97,8.985,27127.0
2020-07-21,8.965,9.025,8.95,9.025,28322.0
2020-07-22,8.9925,9.0125,8.92,8.965,26710.0
2020-07-23,9.0625,9.07,8.975,8.9875,27924.0
2020-07-24,9.0475,9.1,9.015,9.06,32453.0
2020-07-27,9.065,9.0925,9.015,9.04,30189.0
2020-07-28,8.9675,9.03,8.93,9.03,45927.0
2020-07-29,8.915,8.98,8.915,8.9675,46758.0
2020-07-30,8.9175,8.935,8.8425,8.91,18187.0
2020-07-31,8.975,8.9925,8.935,8.935,5040.0
2020-08-03,8.975,9.03,8.93,8.985,1059.0
2020-08-04,8.8375,8.935,8.81,8.935,1115.0
2020-08-05,8.82,8.84,8.8,8.84,609.0
2020-08-06,8.8075,8.86,8.8,8.82,207.0
2020-08-07,8.7025,8.7875,8.7025,8.78,451.0
2020-08-10,8.765,8.7825,8.695,8.695,79.0
2020-08-11,8.78,8.795,8.78,8.785,275.0
2020-08-12,8.905,8.905,8.78,8.8075,447.0
2020-08-13,9.0725,9.105,8.9475,8.9475,344.0
2020-08-14,9.035,9.035,9.03,9.03,15669.0
2020-08-17,9.125,9.15,8.99,8.995,26203.0
2020-08-18,9.12,9.1475,9.08,9.12,34101.0
2020-08-19,9.125,9.1775,9.0775,9.105,15732.0
2020-08-20,9.03,9.14,9.005,9.1175,16782.0
2020-08-21,9.0075,9.0775,8.995,9.045,26635.0
2020-08-24,8.9975,9.0775,8.9675,9.01,17315.0
2020-08-25,9.1375,9.1475,9.05,9.05,22496.0
2020-08-26,9.195,9.2025,9.14,9.14,15086.0
2020-08-27,9.3725,9.4375,9.195,9.1975,16175.0
2020-08-28,9.505,9.525,9.3575,9.3575,12103.0
2020-08-31,9.5125,9.67,9.5075,9.6025,1130.0
2020-09-01,9.55,9.565,9.45,9.48,553.0
2020-09-02,9.625,9.625,9.475,9.515,360.0
2020-09-03,9.6875,9.6875,9.625,9.625,323.0
2020-09-04,9.695,9.71,9.695,9.7,85.0
2020-09-08,9.73,9.7575,9.65,9.7575,83.0
2020-09-09,9.7975,9.7975,9.7425,9.7425,62.0
2020-09-10,9.85,9.8625,9.825,9.835,32.0
2020-09-11,10.055,10.25,9.92,9.92,63.0
2020-09-14,10.1925,10.1925,10.1925,10.1925,137347.0
2020-09-15,9.915,10.0575,9.9025,10.01,135852.0
2020-09-16,10.1125,10.1375,9.85,9.91,176360.0
2020-09-17,10.285,10.3225,10.05,10.115,259968.0
2020-09-18,10.435,10.4675,10.2725,10.28,188266.0
2020-09-21,10.225,10.4525,10.205,10.41,198261.0
2020-09-22,10.1975,10.37,10.1325,10.2025,169336.0
2020-09-23,10.145,10.255,10.11,10.205,135269.0
2020-09-24,10.0,10.1475,9.9725,10.125,175815.0
2020-09-25,10.025,10.08,9.9525,9.99,115655.0
2020-09-28,9.9625,10.075,9.915,10.02,117222.0
2020-09-29,9.93,9.9775,9.8575,9.94,120596.0
2020-09-30,10.235,10.3475,9.875,9.9225,220274.0
2020-10-01,10.235,10.35,10.2175,10.2325,141785.0
2020-10-02,10.2075,10.28,10.13,10.24,136558.0
2020-10-05,10.215,10.255,10.16,10.1975,112442.0
2020-10-06,10.44,10.5375,10.2125,10.215,212107.0
2020-10-07,10.51,10.5975,10.3725,10.4125,236406.0
2020-10-08,10.5,10.69,10.485,10.5125,239775.0
2020-10-09,10.655,10.7975,10.47,10.5025,264053.0
2020-10-12,10.3375,10.735,10.315,10.6525,262222.0
2020-10-13,10.44,10.46,10.325,10.34,171633.0
2020-10-14,10.5625,10.5975,10.3975,10.43,161954.0
2020-10-15,10.6225,10.6425,10.3725,10.575,158655.0
2020-10-16,10.5,10.7075,10.4875,10.6275,138422.0
2020-10-19,10.5425,10.5825,10.4775,10.5125,117717.0
2020-10-20,10.64,10.6575,10.5125,10.5575,120566.0
2020-10-21,10.72,10.77,10.6425,10.65,127982.0
2020-10-22,10.7375,10.8525,10.635,10.7225,149124.0
2020-10-23,10.8375,10.885,10.6575,10.7125,173835.0
2020-10-26,10.8775,10.8975,10.78,10.8375,111054.0
2020-10-27,10.8225,10.94,10.8175,10.86,111439.0
2020-10-28,10.5725,10.8175,10.5675,10.8175,100102.0
2020-10-29,10.5175,10.6225,10.51,10.585,63846.0
2020-10-30,10.565,10.6225,10.47,10.51,12667.0
2020-11-02,10.5075,10.535,10.42,10.535,3660.0
2020-11-03,10.59,10.685,10.51,10.51,2656.0
2020-11-04,10.79,10.815,10.5625,10.615,1304.0
2020-11-05,11.0175,11.1125,10.795,10.8,2013.0
2020-11-06,10.985,11.075,10.9575,11.01,1031.0
2020-11-09,11.05,11.1325,10.9675,10.9775,808.0
2020-11-10,11.3825,11.4525,11.0225,11.0675,582.0
2020-11-11,11.4325,11.5025,11.36,11.37,489.0
2020-11-12,11.37,11.4075,11.3225,11.3625,451.0
2020-11-13,11.415,11.45,11.395,11.395,118177.0
2020-11-16,11.535,11.5525,11.44,11.5025,93941.0
2020-11-17,11.6975,11.7825,11.5625,11.57,148053.0
2020-11-18,11.7575,11.8975,11.6775,11.7025,165853.0
2020-11-19,11.775,11.8125,11.6175,11.74,130563.0
2020-11-20,11.81,11.9675,11.7675,11.79,149969.0
2020-11-23,11.915,12.0,11.86,11.955,113186.0
2020-11-24,11.9125,11.94,11.74,11.9075,126040.0
2020-11-25,11.84,11.985,11.8325,11.975,85398.0
2020-11-27,11.9175,11.94,11.7925,11.86,49078.0
2020-11-30,11.685,11.99,11.68,11.98,127702.0
2020-12-01,11.62,11.76,11.6125,11.6925,109296.0
2020-12-02,11.53,11.64,11.425,11.6375,134260.0
2020-12-03,11.6825,11.7075,11.52,11.5425,93899.0
2020-12-04,11.63,11.725,11.5775,11.68,98159.0
2020-12-07,11.585,11.69,11.49,11.6,165902.0
2020-12-08,11.4575,11.6025,11.4275,11.575,176569.0
2020-12-09,11.585,11.6075,11.455,11.46,121502.0
2020-12-10,11.5275,11.78,11.5025,11.5975,202110.0
2020-12-11,11.605,11.6275,11.51,11.5525,129424.0
2020-12-14,11.695,11.73,11.6125,11.6475,101997.0
2020-12-15,11.8425,11.8575,11.62,11.7075,128713.0
2020-12-16,11.8375,11.95,11.8175,11.87,122886.0
2020-12-17,12.0125,12.03,11.7975,11.8325,125030.0
2020-12-18,12.2,12.2475,12.015,12.0275,110919.0
2020-12-21,12.4325,12.44,12.135,12.2525,129147.0
2020-12-22,12.4725,12.5225,12.3675,12.445,102551.0
2020-12-23,12.5875,12.6675,12.405,12.4825,93382.0
2020-12-24,12.635,12.7425,12.5975,12.6025,41312.0
2020-12-28,12.5525,12.795,12.45,12.73,56756.0
2020-12-29,12.955,12.9875,12.45,12.5375,43283.0
2020-12-30,13.0375,13.0825,12.7975,12.95,24625.0
2020-12-31,13.1525,13.215,12.9925,13.0225,3634.0
2021-01-04,13.165,13.4975,13.0625,13.24,2421.0
2021-01-05,13.5,13.735,13.1925,13.1925,1194.0
2021-01-06,13.6525,13.7625,13.5975,13.5975,880.0
2021-01-07,13.605,13.68,13.47,13.68,1097.0
2021-01-08,13.7575,13.8375,13.66,13.665,810.0
2021-01-11,13.745,13.845,13.6,13.815,365.0
2021-01-12,14.22,14.3,13.675,13.7725,331.0
2021-01-13,14.11,14.3825,14.1075,14.335,242.0
2021-01-14,14.365,14.365,14.13,14.13,109224.0
2021-01-15,14.1675,14.345,14.135,14.3225,102084.0
2021-01-19,13.8575,14.2125,13.8325,14.19,129335.0
2021-01-20,13.695,13.845,13.52,13.845,182300.0
2021-01-21,13.7025,13.87,13.655,13.69,118977.0
2021-01-22,13.1175,13.67,13.0525,13.67,203991.0
2021-01-25,13.435,13.5225,12.98,13.0875,150390.0
2021-01-26,13.7025,13.765,13.335,13.4825,116570.0
2021-01-27,13.7475,13.9475,13.645,13.76,176959.0
2021-01-28,13.5325,13.9125,13.455,13.7175,147312.0
2021-01-29,13.7,13.7675,13.355,13.5325,140139.0
2021-02-01,13.6525,13.83,13.4925,13.75,122610.0
2021-02-02,13.5475,13.72,13.415,13.66,101229.0
2021-02-03,13.7125,13.725,13.425,13.545,104412.0
2021-02-04,13.725,13.815,13.645,13.74,105595.0
2021-02-05,13.6675,13.8275,13.655,13.7075,125252.0
2021-02-08,13.8775,13.925,13.6475,13.6875,132805.0
2021-02-09,14.0175,14.095,13.775,13.91,183992.0
2021-02-10,13.54,14.0475,13.5225,14.045,171264.0
2021-02-11,13.675,13.7975,13.3725,13.5275,133481.0
2021-02-12,13.72,13.7725,13.62,13.685,89711.0
2021-02-16,13.8475,13.94,13.7375,13.8575,115890.0
2021-02-17,13.8375,13.9,13.7625,13.8625,75855.0
2021-02-18,13.75,13.9125,13.7,13.85,114634.0
2021-02-19,13.7725,13.8875,13.665,13.7625,140822.0
2021-02-22,13.8375,13.885,13.71,13.8475,124120.0
2021-02-23,14.06,14.25,13.8075,13.8375,88637.0
2021-02-24,14.2375,14.265,14.0675,14.0725,66143.0
2021-02-25,14.06,14.43,13.9175,14.235,44673.0
2021-02-26,14.0525,14.0825,13.8,14.04,5701.0
2021-03-01,13.925,14.22,13.92,14.1575,1258.0
2021-03-02,14.14,14.16,13.835,13.95,680.0
2021-03-03,14.1075,14.175,14.0025,14.12,619.0
2021-03-04,14.1525,14.41,14.095,14.1875,385.0
2021-03-05,14.3425,14.3725,14.1425,14.1425,171.0
2021-03-08,14.3775,14.535,14.36,14.47,149.0
2021-03-09,14.4125,14.435,14.3,14.4225,186.0
2021-03-10,14.115,14.415,14.1125,14.4125,340.0
2021-03-11,14.155,14.2175,14.0775,14.0775,180.0
2021-03-12,14.1575,14.25,13.9575,14.25,100480.0
2021-03-15,14.195,14.2375,14.02,14.0925,82218.0
2021-03-16,14.2325,14.25,14.1275,14.2,71215.0
2021-03-17,14.1775,14.2525,14.08,14.24,69409.0
2021-03-18,13.9225,14.19,13.905,14.1725,93486.0
2021-03-19,14.1625,14.1825,13.9,13.91,86775.0
2021-03-22,14.175,14.2375,14.0525,14.1875,77293.0
2021-03-23,14.2325,14.35,14.1425,14.1875,108200.0
2021-03-24,14.3275,14.335,14.1825,14.2175,78103.0
2021-03-25,14.1425,14.3175,14.105,14.3075,104662.0
2021-03-26,14.005,14.19,13.99,14.14,100389.0
2021-03-29,13.93,14.0275,13.83,14.005,98533.0
2021-03-30,13.6675,13.9475,13.6425,13.93,96925.0
2021-03-31,14.3675,14.3675,13.6475,13.6875,128593.0
2021-04-01,14.02,14.5625,13.985,14.44,169783.0
2021-04-05,14.1275,14.21,14.0525,14.1,63975.0
2021-04-06,14.1875,14.31,14.125,14.1275,81203.0
2021-04-07,14.0875,14.275,14.0375,14.205,84843.0
2021-04-08,14.1525,14.225,14.045,14.0875,98187.0
2021-04-09,14.03,14.19,14.0075,14.16,113734.0
2021-04-12,13.82,14.0725,13.795,14.0325,134732.0
2021-04-13,13.895,13.9875,13.78,13.8525,119433.0
2021-04-14,14.1,14.1625,13.8925,13.915,113554.0
2021-04-15,14.1825,14.21,14.075,14.1,85081.0
2021-04-16,14.3325,14.3775,14.18,14.19,88555.0
2021-04-19,14.4975,14.545,14.3475,14.3975,78228.0
2021-04-20,14.72,14.855,14.5,14.505,91627.0
2021-04-21,14.9725,14.9975,14.675,14.75,88608.0
2021-04-22,15.3325,15.43,14.9825,14.9875,115383.0
2021-04-23,15.3975,15.4975,15.2,15.34,112190.0
2021-04-26,15.69,15.73,15.405,15.4875,84662.0
2021-04-27,15.4975,16.0875,15.48,15.7225,77706.0
2021-04-28,15.5775,15.89,15.2425,15.4525,66001.0
2021-04-29,15.425,15.7375,15.38,15.49,22542.0
2021-04-30,15.71,15.735,15.275,15.34,4669.0
2021-05-03,15.6025,16.0,15.535,15.79,1617.0
2021-05-04,15.77,15.9075,15.71,15.71,1618.0
2021-05-05,15.82,15.9125,15.7375,15.9125,631.0
2021-05-06,16.055,16.09,15.8975,15.905,588.0
2021-05-07,16.21,16.3025,16.025,16.145,508.0
2021-05-10,16.2,16.27,16.1325,16.21,396.0
2021-05-11,16.375,16.5025,16.0825,16.145,128.0
2021-05-12,16.605,16.7725,16.6025,16.6625,172.0
2021-05-13,16.1225,16.57,15.98,16.57,199.0
2021-05-14,16.0375,16.25,16.0375,16.25,104663.0
2021-05-17,15.875,16.0325,15.755,15.8475,84850.0
2021-05-18,15.7425,16.0475,15.69,15.8825,100081.0
2021-05-19,15.3825,15.7625,15.22,15.76,125738.0
2021-05-20,15.3325,15.5375,15.23,15.47,74949.0
2021-05-21,15.2625,15.4075,15.1225,15.34,87016.0
2021-05-24,15.2275,15.2575,15.0625,15.2075,78380.0
2021-05-25,15.1175,15.3825,14.99,15.2375,98163.0
2021-05-26,15.035,15.255,14.8925,15.125,101218.0
2021-05-27,15.37,15.3925,14.92,15.08,87612.0
2021-05-28,15.305,15.5575,15.2275,15.38,74559.0
2021-06-01,15.485,15.785,15.3725,15.42,97373.0
2021-06-02,15.625,15.6775,15.4175,15.46,93696.0
2021-06-03,15.4925,15.89,15.435,15.655,91793.0
2021-06-04,15.8375,15.87,15.4525,15.4825,80384.0
2021-06-07,15.6025,16.235,15.585,15.9975,145331.0
2021-06-08,15.8,15.975,15.615,15.71,141918.0
2021-06-09,15.625,15.8675,15.5,15.8425,117025.0
2021-06-10,15.44,15.765,15.3725,15.625,144526.0
2021-06-11,15.085,15.5125,14.965,15.445,155417.0
2021-06-14,14.7225,15.0425,14.55,15.0425,106170.0
2021-06-15,14.6575,14.8825,14.6,14.835,103081.0
2021-06-16,14.485,14.75,14.425,14.6825,74804.0
2021-06-17,13.2975,14.5,13.235,14.43,121978.0
2021-06-18,13.96,14.0825,13.3075,13.3075,100857.0
2021-06-21,14.15,14.225,13.7,13.74,64081.0
2021-06-22,13.945,14.2725,13.9325,14.2,67595.0
2021-06-23,13.85,14.0675,13.81,13.92,65951.0
2021-06-24,13.7125,13.85,13.4575,13.825,57347.0
2021-06-25,13.2975,13.8475,13.2575,13.695,97444.0
2021-06-28,13.57,13.655,13.26,13.2975,51276.0
2021-06-29,13.5975,13.725,13.48,13.7,20510.0
2021-06-30,14.5,14.5425,13.3625,13.6,4559.0
2021-07-01,14.4675,14.8,14.38,14.5025,2182.0
2021-07-02,14.5175,14.65,14.4175,14.47,1542.0
2021-07-06,13.6375,14.2,13.53,14.2,586.0
2021-07-07,13.865,14.02,13.6675,13.99,795.0
2021-07-08,13.9025,13.9875,13.8075,13.8075,507.0
2021-07-09,14.04,14.045,13.875,13.875,329.0
2021-07-12,14.325,14.325,14.0875,14.0875,105.0
2021-07-13,14.38,14.4925,14.34,14.36,172.0
2021-07-14,14.6775,14.7575,14.38,14.38,36423.0
2021-07-15,14.475,14.61,14.4075,14.5325,30128.0
2021-07-16,14.5475,14.7375,14.44,14.495,31628.0
2021-07-19,14.28,14.8,14.2625,14.75,24475.0
2021-07-20,14.435,14.5275,14.2925,14.3425,33664.0
2021-07-21,14.3925,14.515,14.2875,14.4925,21426.0
2021-07-22,14.1625,14.4025,13.9125,14.3975,30714.0
2021-07-23,14.01,14.1975,13.96,14.1825,23499.0
2021-07-26,14.1275,14.155,13.8,14.05,25875.0
2021-07-27,14.1825,14.4275,14.125,14.1925,22129.0
2021-07-28,14.32,14.3575,14.105,14.2275,21549.0
2021-07-29,14.3425,14.4975,14.2775,14.3175,17953.0
2021-07-30,14.1475,14.41,14.0575,14.35,2967.0
2021-08-02,14.1875,14.255,14.04,14.1925,1153.0
2021-08-03,13.9225,14.12,13.805,14.09,2286.0
2021-08-04,14.035,14.065,13.9025,13.9025,2841.0
2021-08-05,14.025,14.15,13.935,14.035,1246.0
2021-08-06,14.2225,14.2225,13.985,13.985,957.0
2021-08-09,14.3375,14.4375,14.185,14.26,446.0
2021-08-10,14.475,14.6075,14.395,14.395,812.0
2021-08-11,14.055,14.66,14.03,14.485,285.0
2021-08-12,14.015,14.2875,13.9475,14.11,37.0
2021-08-13,14.2425,14.345,14.0875,14.0875,20560.0
2021-08-16,13.76,13.855,13.6775,13.7325,13440.0
2021-08-17,13.69,13.865,13.65,13.795,12021.0
2021-08-18,13.5825,13.7275,13.5275,13.7,10179.0
2021-08-19,13.23,13.58,13.1675,13.58,17626.0
2021-08-20,12.9375,13.3725,12.815,13.2425,18268.0
2021-08-23,12.94,13.1175,12.905,12.93,13922.0
2021-08-24,13.37,13.435,12.9425,13.0125,25598.0
2021-08-25,13.46,13.555,13.29,13.37,24442.0
2021-08-26,13.675,13.7375,13.415,13.45,23771.0
2021-08-27,13.5925,13.6825,13.24,13.6425,16506.0
2021-08-30,13.0475,13.5925,12.97,13.5725,7248.0
2021-08-31,12.9875,13.1275,12.93,13.1,1682.0
2021-09-01,12.7775,12.915,12.725,12.915,663.0
2021-09-02,12.7925,12.84,12.6925,12.755,354.0
2021-09-03,12.83,12.905,12.83,12.905,62.0
2021-09-07,12.6875,12.92,12.6875,12.88,31.0
2021-09-08,12.7075,12.7225,12.695,12.7075,30.0
2021-09-09,12.5875,12.6725,12.58,12.6,175.0
2021-09-10,12.7525,12.805,12.59,12.6125,49.0
2021-09-13,12.725,12.725,12.7175,12.7175,22.0
2021-09-14,12.765,12.835,12.765,12.835,72169.0
2021-09-15,12.945,12.96,12.76,12.835,91389.0
2021-09-16,12.96,13.08,12.9125,12.965,75853.0
2021-09-17,12.84,12.985,12.7825,12.955,72388.0
2021-09-20,12.625,12.86,12.62,12.85,94112.0
2021-09-21,12.74,12.755,12.575,12.63,78941.0
2021-09-22,12.8275,12.85,12.7025,12.745,75666.0
2021-09-23,12.8425,12.9025,12.7575,12.825,70612.0
2021-09-24,12.85,12.9,12.7825,12.8325,64911.0
2021-09-27,12.875,12.97,12.82,12.84,96607.0
2021-09-28,12.77,12.87,12.75,12.8675,88017.0
2021-09-29,12.8375,12.885,12.7275,12.7625,91807.0
2021-09-30,12.56,12.95,12.49,12.82,202394.0
2021-10-01,12.465,12.6225,12.42,12.55,117447.0
2021-10-04,12.3575,12.4775,12.35,12.4275,111356.0
2021-10-05,12.505,12.5625,12.31,12.3425,119391.0
2021-10-06,12.42,12.555,12.3925,12.5,83888.0
2021-10-07,12.4725,12.495,12.335,12.42,120772.0
2021-10-08,12.43,12.625,12.42,12.465,143586.0
2021-10-11,12.2825,12.5125,12.27,12.405,112209.0
2021-10-12,11.9825,12.3075,11.9475,12.265,183780.0
2021-10-13,11.9525,12.1125,11.845,11.985,186725.0
2021-10-14,12.0625,12.0775,11.935,11.96,127035.0
2021-10-15,12.1775,12.21,12.02,12.0575,111808.0
2021-10-18,12.215,12.2525,12.1,12.18,99058.0
2021-10-19,12.28,12.3925,12.1625,12.205,139462.0
2021-10-20,12.455,12.495,12.2475,12.2775,134395.0
2021-10-21,12.24,12.495,12.22,12.4325,105786.0
2021-10-22,12.205,12.305,12.17,12.24,176315.0
2021-10-25,12.3725,12.3825,12.16,12.1875,137468.0
2021-10-26,12.38,12.4625,12.3,12.3625,94349.0
2021-10-27,12.3925,12.575,12.27,12.3725,122469.0
2021-10-28,12.3375,12.495,12.295,12.385,73201.0
2021-10-29,12.3575,12.42,12.2775,12.3025,10990.0
2021-11-01,12.3675,12.465,12.25,12.3625,3899.0
2021-11-02,12.44,12.5025,12.3475,12.365,2003.0
2021-11-03,12.315,12.45,12.285,12.4225,1263.0
2021-11-04,12.0925,12.3325,12.055,12.305,2676.0
2021-11-05,11.9225,12.1125,11.91,12.1,776.0
2021-11-08,11.78,11.96,11.7775,11.9,596.0
2021-11-09,11.995,12.1375,11.7125,11.78,512.0
2021-11-10,12.035,12.0975,11.985,12.0,825.0
2021-11-11,12.1225,12.17,12.0,12.045,336.0
2021-11-12,12.34,12.3775,12.15,12.15,104151.0
2021-11-15,12.5725,12.5975,12.38,12.4225,94353.0
2021-11-16,12.5125,12.615,12.485,12.5575,80591.0
2021-11-17,12.77,12.8925,12.5075,12.52,146987.0
2021-11-18,12.6525,12.8725,12.6275,12.765,103205.0
2021-11-19,12.6325,12.7725,12.57,12.655,78709.0
2021-11-22,12.7425,12.795,12.6,12.6425,70634.0
2021-11-23,12.73,12.7925,12.63,12.7425,65548.0
2021-11-24,12.665,12.81,12.6325,12.7375,72906.0
2021-11-26,12.5275,12.54,12.4025,12.52,88520.0
2021-11-29,12.415,12.685,12.4075,12.6075,82284.0
2021-11-30,12.1725,12.4475,12.1425,12.415,132640.0
2021-12-01,12.2825,12.37,12.1625,12.22,105476.0
2021-12-02,12.4425,12.49,12.21,12.2975,94962.0
2021-12-03,12.6725,12.7,12.4425,12.445,94245.0
2021-12-06,12.615,12.7475,12.545,12.7175,75260.0
2021-12-07,12.5025,12.685,12.43,12.6225,171655.0
2021-12-08,12.61,12.64,12.3825,12.5225,122041.0
2021-12-09,12.645,12.67,12.47,12.6025,102868.0
2021-12-10,12.6775,12.765,12.5925,12.6425,112572.0
2021-12-13,12.44,12.71,12.4325,12.71,116561.0
2021-12-14,12.595,12.67,12.375,12.46,102492.0
2021-12-15,12.625,12.665,12.51,12.6,91939.0
2021-12-16,12.7725,12.8075,12.5875,12.62,115189.0
2021-12-17,12.8525,12.975,12.7475,12.7625,122742.0
2021-12-20,12.9225,12.9625,12.785,12.895,83928.0
2021-12-21,13.08,13.135,12.865,12.92,81517.0
2021-12-22,13.2875,13.3325,13.0475,13.06,68991.0
2021-12-23,13.32,13.34,13.21,13.26,60005.0
2021-12-27,13.625,13.635,13.3375,13.375,54478.0
2021-12-28,13.5925,13.7575,13.54,13.605,40328.0
2021-12-29,13.565,13.6425,13.455,13.595,51167.0
2021-12-30,13.2775,13.58,13.2325,13.5475,16224.0
2021-12-31,13.2875,13.3775,13.28,13.285,2572.0
2022-01-03,13.44,13.57,13.32,13.4025,3434.0
2022-01-04,13.7875,13.805,13.46,13.46,2450.0
2022-01-05,13.8425,13.8775,13.72,13.7775,1101.0
2022-01-06,13.7725,13.82,13.63,13.8,691.0
2022-01-07,14.015,14.055,13.68,13.735,254.0
2022-01-10,13.7475,13.96,13.7475,13.94,73.0
2022-01-11,13.7675,13.82,13.655,13.78,57.0
2022-01-12,13.9125,13.9175,13.7,13.735,293.0
2022-01-13,13.6525,13.7,13.5925,13.68,415.0
2022-01-14,13.5675,13.5675,13.5675,13.5675,86045.0
2022-01-18,13.6125,13.6875,13.4975,13.6,124254.0
2022-01-19,13.9125,13.925,13.635,13.635,107595.0
2022-01-20,14.2575,14.295,13.875,13.8825,149817.0
2022-01-21,14.1425,14.26,14.0525,14.2,104361.0
2022-01-24,14.03,14.2375,13.825,14.195,134866.0
2022-01-25,14.0725,14.1375,13.9325,14.05,107870.0
2022-01-26,14.4,14.4375,13.9375,14.0575,139954.0
2022-01-27,14.4825,14.565,14.285,14.36,143879.0
2022-01-28,14.7,14.79,14.415,14.465,148673.0
2022-01-31,14.905,14.9675,14.735,14.74,111725.0
2022-02-01,15.285,15.39,14.85,14.9,157814.0
2022-02-02,15.4525,15.64,15.26,15.28,175949.0
2022-02-03,15.4425,15.6,15.29,15.44,133829.0
2022-02-04,15.535,15.6025,15.32,15.445,116119.0
2022-02-07,15.8175,15.895,15.6525,15.71,178009.0
2022-02-08,15.69,15.865,15.59,15.85,176069.0
2022-02-09,15.9475,15.995,15.665,15.705,190630.0
2022-02-10,15.7425,16.33,15.655,15.9475,255540.0
2022-02-11,15.83,15.9475,15.635,15.73,184659.0
2022-02-14,15.7,15.995,15.515,15.87,125494.0
2022-02-15,15.5125,15.77,15.4225,15.6925,147743.0
2022-02-16,15.875,15.8975,15.47,15.5225,100187.0
2022-02-17,15.92,16.06,15.765,15.8525,114032.0
2022-02-18,16.015,16.085,15.875,15.905,107148.0
2022-02-22,16.35,16.4125,16.0225,16.09,117091.0
2022-02-23,16.75,16.795,16.365,16.375,98545.0
2022-02-24,16.615,17.65,16.56,16.7625,70087.0
2022-02-25,15.9025,16.785,15.855,16.615,26189.0
2022-02-28,16.4425,16.6075,16.21,16.425,4729.0
2022-03-01,17.055,17.09,16.4825,16.4825,1432.0
2022-03-02,16.775,17.08,16.68,17.08,1342.0
2022-03-03,16.8025,17.075,16.8025,16.9025,1585.0
2022-03-04,16.7625,17.0025,16.5925,16.84,305.0
2022-03-07,16.7425,17.0625,16.7425,16.965,298.0
2022-03-08,17.045,17.08,16.7425,16.745,243.0
2022-03-09,16.865,17.4525,16.845,17.2775,566.0
2022-03-10,17.0,17.1625,16.8125,16.8775,223.0
2022-03-11,16.9075,17.0725,16.8075,17.065,333.0
2022-03-14,16.8725,17.1,16.8725,17.08,73458.0
2022-03-15,16.5875,16.74,16.38,16.74,70449.0
2022-03-16,16.4925,16.8125,16.4525,16.61,65232.0
2022-03-17,16.685,16.775,16.4725,16.4925,74317.0
2022-03-18,16.68,16.89,16.515,16.6975,67110.0
2022-03-21,16.91,17.1,16.6675,16.73,82394.0
2022-03-22,16.965,17.2075,16.86,16.9275,80750.0
2022-03-23,17.1875,17.365,16.91,16.955,75495.0
2022-03-24,17.0075,17.3,16.975,17.2225,72414.0
2022-03-25,17.1025,17.1425,16.8475,17.02,64501.0
2022-03-28,16.6425,17.1,16.61,17.03,76627.0
2022-03-29,16.43,16.73,16.22,16.625,107185.0
2022-03-30,16.64,16.8375,16.3875,16.44,67718.0
2022-03-31,16.1825,16.8,16.135,16.6675,96368.0
2022-04-01,15.8275,16.285,15.8075,16.2075,102861.0
2022-04-04,16.0225,16.06,15.7675,15.84,71525.0
2022-04-05,16.31,16.3525,16.0425,16.05,66277.0
2022-04-06,16.195,16.43,16.15,16.3,75082.0
2022-04-07,16.455,16.5275,16.1475,16.2,114549.0
2022-04-08,16.89,16.8975,16.455,16.4775,116406.0
2022-04-11,16.5525,16.975,16.515,16.91,113893.0
2022-04-12,16.7025,16.8275,16.57,16.5875,104828.0
2022-04-13,16.76,16.8125,16.52,16.7225,117939.0
2022-04-14,16.8225,16.925,16.7,16.785,78738.0
2022-04-18,17.1475,17.205,16.885,16.8875,83054.0
2022-04-19,17.165,17.3,17.0525,17.12,71593.0
2022-04-20,17.4675,17.5,17.145,17.18,89812.0
2022-04-21,17.4825,17.5275,17.2825,17.475,86056.0
2022-04-22,17.16,17.575,17.0425,17.475,85149.0
2022-04-25,17.035,17.2325,16.8575,17.15,76951.0
2022-04-26,17.0525,17.2625,16.9325,17.0425,59609.0
2022-04-27,17.265,17.355,17.0,17.06,49610.0
2022-04-28,17.065,17.34,17.0375,17.2825,26981.0
2022-04-29,17.0825,17.2775,17.07,17.11,3083.0
2022-05-02,16.74,17.1225,16.64,17.1225,1445.0
2022-05-03,16.59,16.88,16.59,16.715,706.0
2022-05-04,16.6975,16.7275,16.525,16.595,869.0
2022-05-05,16.785,16.995,16.745,16.825,843.0
2022-05-06,16.555,16.74,16.54,16.71,352.0
2022-05-09,16.21,16.525,16.1525,16.525,309.0
2022-05-10,16.3,16.415,16.235,16.26,395.0
2022-05-11,16.5025,16.58,16.29,16.29,319.0
2022-05-12,16.6025,16.6425,16.355,16.415,66.0
2022-05-13,17.2325,17.2325,17.1225,17.1225,83090.0
2022-05-16,16.565,16.68,16.5025,16.575,63372.0
2022-05-17,16.78,16.8425,16.4525,16.55,76915.0
2022-05-18,16.6275,16.8675,16.57,16.78,86177.0
2022-05-19,16.905,16.97,16.6075,16.6375,102891.0
2022-05-20,17.0525,17.1075,16.8325,16.91,90964.0
2022-05-23,16.87,17.2,16.85,17.06,87419.0
2022-05-24,16.93,16.9675,16.735,16.8775,78583.0
2022-05-25,16.81,16.9775,16.655,16.9425,82862.0
2022-05-26,17.265,17.37,16.6725,16.7525,144069.0
2022-05-27,17.3225,17.4425,17.1875,17.2575,93346.0
2022-05-31,16.8325,17.4925,16.7375,17.3775,147012.0
2022-06-01,16.9025,17.065,16.7525,16.8725,104722.0
2022-06-02,17.2925,17.4075,16.8125,16.9025,111106.0
2022-06-03,16.9775,17.305,16.94,17.2875,86973.0
2022-06-06,16.9925,17.1775,16.9,17.09,82275.0
2022-06-07,17.2825,17.3275,16.9225,16.9925,147738.0
2022-06-08,17.4,17.58,17.265,17.2925,138385.0
2022-06-09,17.69,17.84,17.285,17.41,172229.0
2022-06-10,17.455,17.755,17.4275,17.705,140826.0
2022-06-13,17.075,17.57,17.02,17.515,125077.0
2022-06-14,16.985,17.2825,16.97,17.075,100752.0
2022-06-15,16.9375,17.05,16.8225,16.98,101623.0
2022-06-16,17.095,17.155,16.905,16.9675,70574.0
2022-06-17,17.02,17.245,17.005,17.125,84650.0
2022-06-21,16.81,17.02,16.7575,16.95,100676.0
2022-06-22,16.5275,16.85,16.475,16.8425,102256.0
2022-06-23,15.9325,16.555,15.9,16.54,128173.0
2022-06-24,16.1075,16.205,15.83,15.8825,92486.0
2022-06-27,16.305,16.3625,15.93,15.99,69643.0
2022-06-28,16.6375,16.6825,16.335,16.37,59698.0
2022-06-29,16.7425,16.8425,16.53,16.6375,35558.0
2022-06-30,16.75,17.0275,16.5375,16.71,6466.0
2022-07-01,16.26,16.8325,16.22,16.75,5313.0
2022-07-05,15.7525,16.2425,15.72,16.2,2235.0
2022-07-06,15.8025,15.9625,15.6,15.83,2309.0
2022-07-07,15.9125,16.2,15.89,15.91,744.0
2022-07-08,16.3025,16.35,15.9625,16.0225,399.0
2022-07-11,16.41,16.6,16.37,16.45,384.0
2022-07-12,15.9275,16.56,15.925,16.5,395.0
2022-07-13,15.8825,16.345,15.735,15.735,60.0
2022-07-14,16.1,16.5975,15.6175,16.5975,23094.0
2022-07-15,14.66,14.9,14.5625,14.775,22609.0
2022-07-18,14.9725,15.135,14.655,14.7825,22423.0
2022-07-19,14.7725,14.995,14.56,14.985,19403.0
2022-07-20,14.49,14.77,14.46,14.76,26111.0
2022-07-21,14.185,14.575,14.135,14.495,27254.0
2022-07-22,14.345,14.4475,14.0775,14.2,27240.0
2022-07-25,14.73,14.74,14.3375,14.5,24846.0
2022-07-26,15.3275,15.355,14.81,14.81,28936.0
2022-07-27,15.7875,15.8275,15.3125,15.32,31657.0
2022-07-28,16.0925,16.21,15.7875,15.81,14499.0
2022-07-29,16.37,16.71,16.0925,16.0925,4783.0
2022-08-01,15.9425,16.5,15.7775,16.5,1378.0
2022-08-02,15.6925,16.075,15.65,15.89,1342.0
2022-08-03,15.58,15.8675,15.4575,15.6975,872.0
2022-08-04,16.15,16.18,15.52,15.52,396.0
2022-08-05,16.1475,16.2475,15.9825,16.2475,240.0
2022-08-08,16.195,16.29,16.03,16.055,350.0
2022-08-09,16.9325,16.9325,16.32,16.32,427.0
2022-08-10,16.8875,17.3075,16.88,17.15,239.0
2022-08-11,17.095,17.3775,16.9,16.9,93.0
2022-08-12,16.6925,16.96,16.6925,16.825,17217.0
2022-08-15,14.94,15.3075,14.6425,15.21,13073.0
2022-08-16,14.5425,14.945,14.4375,14.9025,12286.0
2022-08-17,14.7525,14.79,14.54,14.5475,8838.0
2022-08-18,14.955,14.9975,14.6725,14.75,8579.0
2022-08-19,14.8875,14.9925,14.7575,14.9675,5821.0
2022-08-22,15.27,15.345,14.78,14.8425,10433.0
2022-08-23,15.6675,15.81,15.2825,15.3,13082.0
2022-08-24,15.6075,15.96,15.5325,15.6875,12242.0
2022-08-25,15.525,15.7575,15.5025,15.6,9648.0
2022-08-26,16.0525,16.14,15.52,15.5325,14850.0
2022-08-29,15.3475,16.1225,15.305,16.0625,11281.0
2022-08-30,15.13,15.385,14.8,15.345,4540.0
2022-08-31,15.075,15.245,14.9325,15.1475,578.0
2022-09-01,14.7275,15.1125,14.69,15.1125,697.0
2022-09-02,15.105,15.185,14.8,14.8,123.0
2022-09-06,14.9,14.93,14.875,14.93,82.0
2022-09-07,14.6675,15.0375,14.6675,14.8525,54.0
2022-09-08,14.705,14.845,14.705,14.8425,59.0
2022-09-09,14.8925,14.8925,14.81,14.81,9.0
2022-09-12,15.4975,15.5825,14.725,14.805,25.0
2022-09-13,15.3425,15.56,15.25,15.56,170.0
2022-09-14,15.0375,15.0625,15.0375,15.0375,110615.0
2022-09-15,14.515,14.685,14.44,14.56,100629.0
2022-09-16,14.485,14.55,14.3375,14.49,85172.0
2022-09-19,14.6125,14.6575,14.3825,14.46,88514.0
2022-09-20,14.7875,14.855,14.5075,14.6175,107521.0
2022-09-21,14.6125,14.8875,14.595,14.765,95500.0
2022-09-22,14.57,14.76,14.4875,14.565,115426.0
2022-09-23,14.2575,14.56,14.205,14.55,120138.0
2022-09-26,14.1125,14.3375,14.0825,14.245,125611.0
2022-09-27,14.08,14.3725,14.07,14.1125,144461.0
2022-09-28,14.0875,14.125,13.9075,14.09,153869.0
2022-09-29,14.1075,14.2375,14.0325,14.0875,157471.0
2022-09-30,13.6475,14.2575,13.6325,14.105,185769.0
2022-10-03,13.74,13.765,13.6125,13.64,122444.0
2022-10-04,13.835,13.95,13.7175,13.7375,119917.0
2022-10-05,13.6975,13.8525,13.625,13.8275,108763.0
2022-10-06,13.58,13.7675,13.5,13.695,110344.0
2022-10-07,13.67,13.735,13.5075,13.58,140543.0
2022-10-10,13.74,13.9875,13.665,13.67,196819.0
2022-10-11,13.7625,13.8525,13.6525,13.7325,126082.0
2022-10-12,13.96,14.14,13.675,13.73,220285.0
2022-10-13,13.9575,14.05,13.7875,13.945,145762.0
2022-10-14,13.8375,14.1,13.8275,13.94,123738.0
2022-10-17,13.8525,13.95,13.7625,13.815,116449.0
2022-10-18,13.72,13.9,13.6425,13.83,143267.0
2022-10-19,13.725,13.785,13.57,13.7175,105181.0
2022-10-20,13.915,13.965,13.7025,13.71,130958.0
2022-10-21,13.955,13.985,13.755,13.9025,116214.0
2022-10-24,13.72,13.93,13.6825,13.93,118812.0
2022-10-25,13.82,13.865,13.66,13.72,98749.0
2022-10-26,13.8175,13.9775,13.7875,13.815,107710.0
2022-10-27,13.8225,13.9475,13.7825,13.8125,79221.0
2022-10-28,13.8775,13.9075,13.7,13.82,66790.0
2022-10-31,14.07,14.1125,13.855,14.0,10073.0
2022-11-01,14.3575,14.365,14.0375,14.055,5327.0
2022-11-02,14.4,14.45,14.2125,14.345,2357.0
2022-11-03,14.2675,14.4,14.165,14.355,989.0
2022-11-04,14.515,14.5375,14.2425,14.2425,473.0
2022-11-07,14.4,14.575,14.39,14.45,1472.0
2022-11-08,14.44,14.46,14.36,14.4075,1250.0
2022-11-09,14.5975,14.6075,14.355,14.445,820.0
2022-11-10,14.305,14.65,14.3025,14.64,510.0
2022-11-11,14.555,14.6375,14.39,14.39,236.0
2022-11-14,14.4175,14.6,14.3575,14.6,78858.0
2022-11-15,14.5725,14.6475,14.325,14.4,99988.0
2022-11-16,14.2925,14.55,14.2325,14.5475,96622.0
2022-11-17,14.17,14.3175,14.0675,14.3,88314.0
2022-11-18,14.2825,14.3075,14.1225,14.19,63078.0
2022-11-21,14.3675,14.38,14.1725,14.2725,69911.0
2022-11-22,14.2975,14.435,14.2825,14.36,69272.0
2022-11-23,14.36,14.41,14.2225,14.315,67115.0
2022-11-25,14.3625,14.48,14.31,14.3675,41566.0
2022-11-28,14.5725,14.6175,14.24,14.2825,102364.0
2022-11-29,14.595,14.685,14.49,14.5475,91119.0
2022-11-30,14.695,14.785,14.5725,14.5725,93201.0
2022-12-01,14.2975,14.6975,14.2525,14.66,134068.0
2022-12-02,14.385,14.43,14.255,14.32,91648.0
2022-12-05,14.3775,14.51,14.3525,14.405,82713.0
2022-12-06,14.55,14.725,14.37,14.375,126974.0
2022-12-07,14.72,14.78,14.5575,14.56,145108.0
2022-12-08,14.8625,14.9225,14.68,14.71,141915.0
2022-12-09,14.8375,14.9275,14.7775,14.8425,96091.0
2022-12-12,14.605,14.835,14.5775,14.835,125861.0
2022-12-13,14.7975,14.8775,14.6075,14.6125,145783.0
2022-12-14,14.8225,14.87,14.68,14.795,112117.0
2022-12-15,14.735,14.86,14.68,14.81,97511.0
2022-12-16,14.8,14.86,14.655,14.735,69325.0
2022-12-19,14.6075,14.76,14.6,14.7,101717.0
2022-12-20,14.785,14.8675,14.6025,14.6175,111696.0
2022-12-21,14.81,14.89,14.7525,14.77,84786.0
2022-12-22,14.6775,14.84,14.635,14.8,75905.0
2022-12-23,14.79,14.84,14.6625,14.6875,52836.0
2022-12-27,14.8225,15.1675,14.7825,14.9,61925.0
2022-12-28,15.065,15.0975,14.8275,14.835,42705.0
2022-12-29,15.0875,15.1625,15.0125,15.0475,27307.0
2022-12-30,15.1925,15.3225,15.0775,15.08,7092.0
2023-01-03,14.8725,15.2325,14.85,15.1925,2951.0
2023-01-04,14.7825,14.9625,14.7725,14.9175,2200.0
2023-01-05,14.6675,14.8125,14.62,14.8125,1169.0
2023-01-06,15.015,15.0325,14.7175,14.7175,2024.0
2023-01-09,15.035,15.13,15.02,15.06,446.0
2023-01-10,15.1,15.185,15.015,15.015,350.0
2023-01-11,15.15,15.205,15.1,15.1525,617.0
2023-01-12,15.295,15.4175,15.115,15.115,491.0
2023-01-13,15.3825,15.3825,15.25,15.25,104971.0
2023-01-17,15.3975,15.41,15.125,15.1875,118314.0
2023-01-18,15.245,15.485,15.1125,15.37,133372.0
2023-01-19,15.1475,15.285,15.09,15.235,124401.0
2023-01-20,15.065,15.2175,15.04,15.1425,98916.0
2023-01-23,14.9025,15.03,14.7975,15.0,134889.0
2023-01-24,14.885,15.065,14.87,14.915,129464.0
2023-01-25,15.025,15.0475,14.7825,14.8825,119104.0
2023-01-26,15.235,15.2625,15.0,15.065,123245.0
2023-01-27,15.095,15.27,15.065,15.2175,101755.0
2023-01-30,15.3525,15.38,15.1625,15.1625,123619.0
2023-01-31,15.38,15.4375,15.245,15.335,126434.0
2023-02-01,15.2025,15.4275,15.1075,15.375,129978.0
2023-02-02,15.3425,15.3775,15.225,15.2275,99742.0
2023-02-03,15.32,15.3975,15.2475,15.335,101436.0
2023-02-06,15.2125,15.355,15.1675,15.32,131712.0
2023-02-07,15.1525,15.305,15.11,15.21,164240.0
2023-02-08,15.1975,15.2775,15.0575,15.16,177793.0
2023-02-09,15.1925,15.3375,15.12,15.185,189473.0
2023-02-10,15.425,15.4325,15.155,15.18,173799.0
2023-02-13,15.4275,15.555,15.37,15.42,162409.0
2023-02-14,15.375,15.4475,15.3275,15.42,115529.0
2023-02-15,15.2575,15.37,15.165,15.365,132117.0
2023-02-16,15.265,15.3225,15.205,15.2525,115376.0
2023-02-17,15.2725,15.3325,15.2425,15.26,93637.0
2023-02-21,15.4875,15.49,15.35,15.365,115702.0
2023-02-22,15.395,15.54,15.38,15.4675,90517.0
2023-02-23,15.3425,15.4525,15.3275,15.3975,85546.0
2023-02-24,15.29,15.4425,15.26,15.3625,71895.0
2023-02-27,15.1825,15.335,15.1525,15.295,43689.0
2023-02-28,14.905,15.1825,14.895,15.1825,9027.0
2023-03-01,15.0425,15.095,14.915,14.915,2793.0
2023-03-02,15.1975,15.265,15.015,15.045,2029.0
2023-03-03,15.305,15.37,15.1925,15.195,1607.0
2023-03-06,15.41,15.5,15.2375,15.2875,1130.0
2023-03-07,15.2525,15.38,15.2375,15.38,645.0
2023-03-08,15.2675,15.39,15.245,15.2525,272.0
2023-03-09,15.2,15.355,15.16,15.295,224.0
2023-03-10,15.13,15.2175,15.11,15.15,467.0
2023-03-13,15.0,15.2475,15.0,15.2175,139.0
2023-03-14,14.9975,15.025,14.9975,15.01,108201.0
2023-03-15,14.8925,15.0,14.8,14.94,115247.0
2023-03-16,14.915,14.98,14.78,14.8925,107038.0
2023-03-17,14.765,14.98,14.7,14.925,119474.0
2023-03-20,14.86,14.8775,14.62,14.73,122780.0
2023-03-21,14.67,14.97,14.65,14.8375,101494.0
2023-03-22,14.485,14.72,14.4325,14.6775,141743.0
2023-03-23,14.195,14.5425,14.1525,14.5,157574.0
2023-03-24,14.2825,14.32,14.05,14.195,143036.0
2023-03-27,14.4225,14.455,14.2325,14.2875,98099.0
2023-03-28,14.6775,14.6975,14.3975,14.415,122627.0
2023-03-29,14.7725,14.7975,14.625,14.66,105996.0
2023-03-30,14.745,14.835,14.71,14.765,110079.0
2023-03-31,15.055,15.1375,14.68,14.7325,167862.0
2023-04-03,15.22,15.2775,15.0975,15.1,121608.0
2023-04-04,15.175,15.2375,15.055,15.2,112285.0
2023-04-05,15.11,15.27,15.065,15.175,124119.0
2023-04-06,14.925,15.1025,14.8325,15.1,0.0
2023-04-10,14.8725,14.9975,14.825,14.9325,105039.0
2023-04-11,14.9725,15.075,14.8625,14.8775,156745.0
2023-04-12,15.0425,15.105,14.91,14.975,132897.0
2023-04-13,15.01,15.2225,15.005,15.0425,132337.0
2023-04-14,15.005,15.0375,14.9,15.02,118382.0
2023-04-17,15.17,15.19,14.9625,15.005,85451.0
2023-04-18,15.1925,15.315,15.11,15.1575,99155.0
2023-04-19,15.065,15.215,15.06,15.1725,95853.0
2023-04-20,14.975,15.06,14.8825,15.05,95685.0
2023-04-21,14.835,15.0,14.8,14.97,89795.0
2023-04-24,14.6525,15.0,14.6325,14.835,87803.0
2023-04-25,14.4525,14.7125,14.3775,14.635,62592.0
2023-04-26,14.36,14.565,14.34,14.4525,51187.0
2023-04-27,14.2675,14.43,14.2075,14.35,22194.0
2023-04-28,14.4425,14.49,14.25,14.3275,3373.0
2023-05-01,14.5475,14.5525,14.41,14.445,601.0
2023-05-02,14.395,14.67,14.375,14.6,634.0
2023-05-03,14.48,14.49,14.22,14.35,733.0
2023-05-04,14.485,14.54,14.3875,14.48,424.0
2023-05-05,14.69,14.7,14.52,14.52,242.0
2023-05-08,14.6875,14.77,14.645,14.77,267.0
2023-05-09,14.5175,14.6775,14.4875,14.6775,327.0
2023-05-10,14.365,14.5975,14.36,14.5975,106.0
2023-05-11,14.4325,14.46,14.2,14.3775,137.0
2023-05-12,14.35,14.35,14.35,14.35,124961.0
2023-05-15,14.0075,14.115,13.8625,13.8875,111854.0
2023-05-16,13.64,14.0175,13.5875,14.0,149242.0
2023-05-17,13.37,13.6575,13.3275,13.65,145517.0
2023-05-18,13.3325,13.48,13.2325,13.365,124325.0
2023-05-19,13.0725,13.45,13.0475,13.3325,135856.0
2023-05-22,13.4125,13.4425,13.0475,13.0825,143213.0
2023-05-23,13.225,13.4125,13.155,13.41,111359.0
2023-05-24,13.245,13.3775,13.16,13.225,95312.0
2023-05-25,13.24,13.335,13.05,13.2425,131878.0
2023-05-26,13.3725,13.435,13.22,13.2375,104197.0
2023-05-30,12.965,13.3725,12.9425,13.3725,128256.0
2023-05-31,12.9975,13.0275,12.7075,12.98,137386.0
2023-06-01,13.295,13.3525,12.9925,12.9975,132076.0
2023-06-02,13.525,13.5525,13.22,13.29,120303.0
2023-06-05,13.5,13.615,13.435,13.5325,98182.0
2023-06-06,13.5325,13.64,13.4025,13.52,129813.0
2023-06-07,13.6075,13.7075,13.5,13.5325,143477.0
2023-06-08,13.6325,13.7175,13.52,13.58,152587.0
2023-06-09,13.865,13.88,13.5625,13.605,142158.0
2023-06-12,13.7275,13.9275,13.685,13.9,122300.0
2023-06-13,13.9925,14.155,13.7175,13.7325,161567.0
2023-06-14,13.8825,13.99,13.8,13.9875,124157.0
2023-06-15,14.2825,14.32,13.875,13.8975,144129.0
2023-06-16,14.665,14.6825,14.26,14.26,158732.0
2023-06-20,14.7725,14.8925,14.5975,14.7275,126378.0
2023-06-21,15.1475,15.2125,14.79,14.89,105944.0
2023-06-22,15.005,15.195,14.685,15.1325,100736.0
2023-06-23,14.945,15.015,14.7025,15.0,83289.0
2023-06-26,15.21,15.25,14.7775,14.8625,51073.0
2023-06-27,14.95,15.2475,14.9,15.23,50206.0
2023-06-28,14.51,14.9975,14.3575,14.8675,34817.0
2023-06-29,14.83,14.855,14.4525,14.4775,23201.0
2023-06-30,15.5725,15.68,14.8025,14.82,5228.0
2023-07-03,15.62,16.165,15.56,15.5725,1870.0
2023-07-05,15.4725,15.89,15.44,15.6225,1034.0
2023-07-06,15.2575,15.44,15.1925,15.3825,507.0
2023-07-07,14.855,15.235,14.8,15.235,417.0
2023-07-10,15.08,15.2475,14.84,14.84,94.0
2023-07-11,15.205,15.335,15.1575,15.1575,209.0
2023-07-12,14.885,15.455,14.77,15.455,132.0
2023-07-13,15.18,15.18,14.89,14.89,72.0
2023-07-14,14.9575,15.115,14.9575,15.07,27708.0
2023-07-17,14.84,14.97,14.7775,14.9075,25571.0
2023-07-18,14.92,15.01,14.7425,14.765,26908.0
2023-07-19,14.915,15.1825,14.85,14.92,33338.0
2023-07-20,14.95,15.015,14.8075,14.89,28198.0
2023-07-21,15.01,15.04,14.85,14.9175,28372.0
2023-07-24,15.2325,15.37,15.0,15.075,29203.0
2023-07-25,15.155,15.2725,15.0275,15.2175,25259.0
2023-07-26,15.4625,15.58,15.06,15.1375,30605.0
2023-07-27,15.32,15.8075,15.2925,15.49,25445.0
2023-07-28,14.8675,15.315,14.835,15.305,13888.0
2023-07-31,14.4575,14.865,14.3025,14.865,2352.0
2023-08-01,14.4675,14.65,14.3375,14.465,2092.0
2023-08-02,14.2975,14.4725,14.2025,14.4725,744.0
2023-08-03,14.2875,14.45,14.2475,14.31,1505.0
2023-08-04,14.44,14.46,14.34,14.46,323.0
2023-08-07,14.145,14.3,14.05,14.3,212.0
2023-08-08,14.3,14.3125,13.95,14.0025,382.0
2023-08-09,14.315,14.38,14.3075,14.36,104.0
2023-08-10,14.12,14.385,14.1,14.3175,82.0
2023-08-11,14.0125,14.09,13.5325,13.5325,25.0
2023-08-14,13.91,14.22,13.91,14.22,7906.0
2023-08-15,13.2325,13.4875,13.195,13.4425,15884.0
2023-08-16,13.3475,13.4425,13.2125,13.2375,9256.0
2023-08-17,13.3675,13.4775,13.325,13.37,12549.0
2023-08-18,13.6275,13.655,13.3775,13.38,11335.0
2023-08-21,13.7,13.8675,13.645,13.69,13759.0
2023-08-22,13.515,13.81,13.4175,13.695,8855.0
2023-08-23,13.595,13.6225,13.3375,13.5025,16285.0
2023-08-24,13.6575,13.7075,13.52,13.595,8107.0
2023-08-25,13.81,13.82,13.6125,13.64,14320.0
2023-08-28,13.9525,14.0075,13.8375,13.8825,10112.0
2023-08-29,13.82,13.94,13.805,13.8275,9140.0
2023-08-30,13.8125,13.9175,13.6675,13.785,9727.0
2023-08-31,13.6,13.81,13.6,13.81,853.0
2023-09-01,13.5625,13.74,13.55,13.62,422.0
2023-09-05,13.49,13.595,13.48,13.595,85.0
2023-09-06,13.6025,13.655,13.595,13.655,102.0
2023-09-07,13.45,13.5,13.45,13.495,310.0
2023-09-08,13.495,13.495,13.39,13.39,198.0
2023-09-11,13.525,13.525,13.52,13.525,36.0
2023-09-12,13.3175,13.4875,13.3175,13.4875,274.0
2023-09-13,13.36,13.36,13.255,13.255,201.0
2023-09-14,13.4375,13.4375,13.4375,13.4375,138778.0
2023-09-15,13.4025,13.6775,13.3825,13.605,114647.0
2023-09-18,13.1675,13.445,13.155,13.4,137195.0
2023-09-19,13.155,13.1975,13.08,13.15,138842.0
2023-09-20,13.2,13.2275,13.1025,13.1525,112121.0
2023-09-21,12.9375,13.22,12.93,13.1975,140563.0
2023-09-22,12.9625,13.03,12.925,12.94,121669.0
2023-09-25,12.9775,13.0,12.845,12.9525,101011.0
2023-09-26,13.0275,13.0775,12.89,12.9925,135125.0
2023-09-27,13.0325,13.17,12.975,13.0275,146484.0
2023-09-28,13.005,13.07,12.87,13.03,151183.0
2023-09-29,12.75,13.055,12.725,13.005,169945.0
2023-10-02,12.77,12.795,12.6575,12.725,156106.0
2023-10-03,12.7275,12.7875,12.5675,12.765,191994.0
2023-10-04,12.73,12.85,12.6875,12.72,126709.0
2023-10-05,12.8075,12.8375,12.62,12.7175,143482.0
2023-10-06,12.66,12.8725,12.635,12.795,156382.0
2023-10-09,12.6425,12.775,12.5825,12.67,162794.0
2023-10-10,12.715,12.7325,12.5425,12.63,161646.0
2023-10-11,12.525,12.7425,12.51,12.715,185252.0
2023-10-12,12.9,12.9975,12.505,12.525,235474.0
2023-10-13,12.8025,12.985,12.735,12.8675,139748.0
2023-10-16,12.8625,12.89,12.795,12.8,111494.0
2023-10-17,12.9675,13.035,12.855,12.86,135410.0
2023-10-18,13.11,13.13,12.9325,12.97,163209.0
2023-10-19,13.155,13.1775,13.0025,13.11,182300.0
2023-10-20,13.0225,13.185,13.01,13.15,143729.0
2023-10-23,12.8675,13.04,12.86,13.02,119491.0
2023-10-24,12.9525,12.9775,12.805,12.87,125254.0
2023-10-25,12.8825,13.0125,12.78,12.93,111043.0
2023-10-26,12.795,12.9775,12.775,12.875,105810.0
2023-10-27,12.9725,13.035,12.7775,12.7925,108290.0
2023-10-30,12.8275,13.0875,12.81,12.97,77497.0
2023-10-31,12.87,13.0,12.76,12.83,7814.0
2023-11-01,12.9125,12.9675,12.8325,12.9,2816.0
2023-11-02,13.04,13.0625,12.9025,12.9025,1729.0
2023-11-03,13.275,13.3,13.0225,13.035,2203.0
2023-11-06,13.405,13.4525,13.275,13.275,1020.0
2023-11-07,13.4875,13.66,13.365,13.395,2165.0
2023-11-08,13.49,13.6875,13.48,13.52,217.0
2023-11-09,13.2775,13.535,13.265,13.51,92.0
2023-11-10,13.335,13.35,13.2525,13.28,163.0
2023-11-13,13.68,13.69,13.3375,13.35,284.0
2023-11-14,13.6875,13.72,13.585,13.72,121756.0
2023-11-15,13.85,13.985,13.795,13.89,112125.0
2023-11-16,13.6025,13.8775,13.5375,13.85,139084.0
2023-11-17,13.4025,13.615,13.3675,13.6,125658.0
2023-11-20,13.6725,13.68,13.27,13.3925,126688.0
2023-11-21,13.7725,13.8925,13.64,13.655,131504.0
2023-11-22,13.565,13.785,13.5425,13.77,123978.0
2023-11-24,13.3075,13.55,13.295,13.545,79518.0
2023-11-27,13.2975,13.39,13.235,13.295,108127.0
2023-11-28,13.465,13.5,13.295,13.3025,122211.0
2023-11-29,13.47,13.52,13.37,13.465,110829.0
2023-11-30,13.4275,13.515,13.3925,13.47,106352.0
2023-12-01,13.25,13.435,13.235,13.42,133231.0
2023-12-04,13.0625,13.2925,13.035,13.225,145541.0
2023-12-05,13.055,13.1525,12.94,13.0725,127531.0
2023-12-06,12.955,13.135,12.9375,13.0925,114902.0
2023-12-07,13.1175,13.1825,12.92,12.96,142340.0
2023-12-08,13.04,13.3075,12.99,13.125,143886.0
2023-12-11,13.36,13.385,13.07,13.095,156810.0
2023-12-12,13.2375,13.44,13.205,13.3725,151132.0
2023-12-13,13.075,13.235,13.025,13.23,134421.0
2023-12-14,13.14,13.1925,13.04,13.11,92835.0
2023-12-15,13.1575,13.205,13.04,13.17,104871.0
2023-12-18,13.27,13.28,13.07,13.18,105952.0
2023-12-19,13.125,13.2875,13.095,13.265,136922.0
2023-12-20,13.0825,13.2175,13.055,13.125,101196.0
2023-12-21,12.9725,13.1,12.95,13.095,71637.0
2023-12-22,12.9975,13.08,12.94,12.9675,52365.0
2023-12-26,13.1325,13.145,12.96,12.9975,34317.0
2023-12-27,13.1675,13.1875,13.03,13.105,37407.0
2023-12-28,13.0525,13.2425,13.03,13.1575,23869.0
2023-12-29,12.935,13.1175,12.9225,13.0475,6682.0
2024-01-02,12.74,12.895,12.66,12.895,2675.0
2024-01-03,12.695,12.7525,12.68,12.715,2363.0
2024-01-04,12.62,12.7425,12.6025,12.7425,353.0
2024-01-05,12.4975,12.6125,12.4975,12.6125,1000.0
2024-01-08,12.395,12.5275,12.3325,12.5275,255.0
2024-01-09,12.415,12.43,12.2875,12.385,158.0
2024-01-10,12.2875,12.415,12.2875,12.415,307.0
2024-01-11,12.3125,12.355,12.3125,12.34,220.0
2024-01-12,12.0575,12.4025,12.0575,12.3975,237245.0
2024-01-16,12.2725,12.3775,12.2075,12.27,140122.0
2024-01-17,12.0575,12.31,12.05,12.2725,138322.0
2024-01-18,12.135,12.16,12.01,12.06,112771.0
2024-01-19,12.1325,12.27,12.1075,12.13,96455.0
2024-01-22,12.2425,12.2575,12.095,12.1675,94437.0
2024-01-23,12.395,12.405,12.215,12.2425,107718.0
2024-01-24,12.4025,12.46,12.3525,12.39,130579.0
2024-01-25,12.23,12.475,12.155,12.4,138526.0
2024-01-26,12.0925,12.3075,12.085,12.235,112232.0
2024-01-29,11.9425,12.125,11.915,12.1075,160776.0
2024-01-30,12.1875,12.2125,11.8775,11.9375,133600.0
2024-01-31,12.2225,12.23,12.0675,12.1875,131031.0
2024-02-01,12.0325,12.2175,11.995,12.2125,117651.0
2024-02-02,11.885,12.0825,11.8675,12.0325,101687.0
2024-02-05,11.9625,11.985,11.795,11.9,133159.0
2024-02-06,11.995,12.055,11.9375,11.96,104104.0
2024-02-07,11.89,12.02,11.7925,11.99,137235.0
2024-02-08,11.935,12.0475,11.805,11.87,165204.0
2024-02-09,11.835,11.98,11.815,11.95,120117.0
2024-02-12,11.93,11.9675,11.825,11.8375,114463.0
2024-02-13,11.8625,11.975,11.83,11.9175,132884.0
2024-02-14,11.705,11.9,11.6825,11.8625,128628.0
2024-02-15,11.6225,11.7475,11.6025,11.68,135571.0
2024-02-16,11.7225,11.7375,11.6225,11.6375,99941.0
2024-02-20,11.79,11.885,11.74,11.7775,145020.0
2024-02-21,11.6075,11.7925,11.575,11.79,113652.0
2024-02-22,11.4775,11.6725,11.4675,11.61,136672.0
2024-02-23,11.33,11.54,11.3025,11.48,125088.0
2024-02-26,11.36,11.4225,11.2475,11.37,98731.0
2024-02-27,11.3125,11.5225,11.2875,11.36,79533.0
2024-02-28,11.34,11.445,11.2475,11.3225,37481.0
2024-02-29,11.2825,11.36,11.15,11.32,4459.0
2024-03-01,11.43,11.435,11.2675,11.2825,763.0
2024-03-04,11.47,11.58,11.45,11.52,404.0
2024-03-05,11.4075,11.47,11.3875,11.47,1080.0
2024-03-06,11.4025,11.4025,11.3225,11.385,287.0
2024-03-07,11.57,11.57,11.51,11.55,443.0
2024-03-08,11.705,11.705,11.455,11.57,199.0
2024-03-11,11.65,11.7075,11.65,11.7,42.0
2024-03-12,11.82,11.82,11.67,11.67,73.0
2024-03-13,11.8175,11.8275,11.7375,11.7825,24.0
2024-03-14,11.8075,11.985,11.8075,11.82,164064.0
2024-03-15,11.9825,12.0,11.835,11.945,117888.0
2024-03-18,11.8775,12.06,11.8675,11.985,97550.0
2024-03-19,11.855,11.9225,11.81,11.88,103620.0
2024-03-20,12.095,12.1175,11.835,11.855,161255.0
2024-03-21,12.12,12.2675,12.04,12.09,150049.0
2024-03-22,11.925,12.1125,11.8925,12.11,121895.0
2024-03-25,12.0925,12.1,11.885,11.94,106767.0
2024-03-26,11.99,12.08,11.9775,12.075,119009.0
2024-03-27,11.925,11.98,11.895,11.9675,104399.0
2024-03-28,11.915,11.995,11.77,11.9175,160360.0
2024-04-01,11.8575,12.0175,11.815,11.9625,104397.0
2024-04-02,11.74,11.9975,11.71,11.855,173481.0
2024-04-03,11.8225,11.8675,11.685,11.755,160346.0
2024-04-04,11.8,11.8675,11.7025,11.8225,119935.0
2024-04-05,11.85,11.9075,11.73,11.78,162613.0
2024-04-08,11.815,11.9325,11.805,11.8775,159389.0
2024-04-09,11.745,11.8425,11.72,11.815,167029.0
2024-04-10,11.6475,11.8075,11.63,11.7475,156535.0
2024-04-11,11.5925,11.6625,11.51,11.6375,163734.0
2024-04-12,11.74,11.7975,11.54,11.585,160130.0
2024-04-15,11.5825,11.76,11.555,11.7325,134465.0
2024-04-16,11.45,11.63,11.4325,11.5725,148376.0
2024-04-17,11.495,11.5525,11.4175,11.45,104230.0
2024-04-18,11.3425,11.4975,11.33,11.49,109349.0
2024-04-19,11.505,11.53,11.3175,11.34,124590.0
2024-04-22,11.61,11.67,11.445,11.4775,107395.0
2024-04-23,11.675,11.69,11.58,11.61,112266.0
2024-04-24,11.66,11.775,11.64,11.665,92302.0
2024-04-25,11.6275,11.665,11.505,11.6475,106684.0
2024-04-26,11.595,11.64,11.55,11.6225,78879.0
2024-04-29,11.6075,11.7175,11.57,11.585,58269.0
2024-04-30,11.455,11.63,11.41,11.5875,5743.0
2024-05-01,11.5575,11.5625,11.41,11.45,3404.0
2024-05-02,11.9,12.0,11.5575,11.5575,2408.0
2024-05-03,12.0175,12.02,11.93,11.93,711.0
2024-05-06,12.3475,12.365,11.97,11.97,486.0
2024-05-07,12.3225,12.405,12.3,12.345,51.0
2024-05-08,12.1275,12.335,12.1125,12.335,87.0
2024-05-09,11.9275,12.18,11.925,12.165,66.0
2024-05-10,12.05,12.05,11.95,11.9675,82.0
2024-05-13,12.055,12.055,12.055,12.055,6.0
2024-05-14,11.99,11.99,11.99,11.99,115517.0
2024-05-15,12.135,12.3225,12.095,12.15,124938.0
2024-05-16,12.1625,12.1975,12.1,12.14,99241.0
2024-05-17,12.28,12.3125,12.1525,12.165,133101.0
2024-05-20,12.48,12.5075,12.24,12.2725,171388.0
2024-05-21,12.3625,12.4925,12.3,12.465,126275.0
2024-05-22,12.4625,12.4975,12.3325,12.35,125072.0
2024-05-23,12.3925,12.5825,12.36,12.4575,136099.0
2024-05-24,12.48,12.51,12.36,12.39,107257.0
2024-05-28,12.295,12.5475,12.2625,12.5025,140138.0
2024-05-29,12.14,12.3125,12.125,12.29,123723.0
2024-05-30,12.0975,12.2,12.0725,12.13,107751.0
2024-05-31,12.05,12.2375,12.0275,12.0975,106393.0
2024-06-03,11.845,12.055,11.825,12.0425,119994.0
2024-06-04,11.79,11.895,11.76,11.84,145530.0
2024-06-05,11.7725,11.9175,11.7525,11.8025,154196.0
2024-06-06,12.0,12.045,11.76,11.765,162161.0
2024-06-07,11.7925,12.025,11.7425,12.005,175688.0
2024-06-10,11.8825,11.9075,11.755,11.7925,139377.0
2024-06-11,11.78,11.93,11.77,11.8825,160774.0
2024-06-12,11.7725,11.865,11.71,11.7725,161099.0
2024-06-13,11.895,11.9125,11.71,11.77,149824.0
2024-06-14,11.7975,11.89,11.78,11.8875,132144.0
2024-06-17,11.5775,11.79,11.575,11.79,138815.0
2024-06-18,11.74,11.7575,11.565,11.5825,148950.0
2024-06-20,11.5525,11.7575,11.55,11.73,146080.0
2024-06-21,11.605,11.6875,11.56,11.56,111374.0
2024-06-24,11.7525,11.795,11.5625,11.605,88889.0
2024-06-25,11.6325,11.8,11.5775,11.75,83116.0
2024-06-26,11.6275,11.775,11.6,11.63,67870.0
2024-06-27,11.5225,11.695,11.5075,11.615,32512.0
2024-06-28,11.505,11.67,11.4625,11.52,4183.0
2024-07-01,11.595,11.6175,11.4825,11.4825,1313.0
2024-07-02,11.65,11.75,11.5925,11.5925,1375.0
2024-07-03,11.765,11.8025,11.62,11.6225,924.0
2024-07-05,11.885,11.915,11.7225,11.7225,812.0
2024-07-08,11.7425,11.8175,11.6725,11.8175,985.0
2024-07-09,11.615,11.85,11.6,11.77,839.0
2024-07-10,11.4125,11.6525,11.3575,11.6525,698.0
2024-07-11,11.4275,11.45,11.37,11.45,108.0
2024-07-12,11.345,11.345,11.345,11.345,41399.0
2024-07-15,10.78,11.01,10.7575,11.0,35655.0
2024-07-16,10.905,10.965,10.7675,10.7675,37408.0
2024-07-17,10.9725,11.025,10.9,10.9,41677.0
2024-07-18,10.985,11.01,10.89,10.975,35569.0
2024-07-19,10.9725,11.0775,10.95,10.98,25658.0
2024-07-22,11.1775,11.1975,11.005,11.005,40798.0
2024-07-23,11.175,11.29,11.11,11.165,51623.0
2024-07-24,11.11,11.2325,11.045,11.1525,34547.0
2024-07-25,11.16,11.205,11.035,11.11,38157.0
2024-07-26,10.775,11.1725,10.715,11.1325,61437.0
2024-07-29,10.5475,10.7375,10.3075,10.7375,37618.0
2024-07-30,10.2725,10.59,10.2375,10.5475,16709.0
2024-07-31,10.285,10.485,10.205,10.2725,2651.0
2024-08-01,10.22,10.34,10.195,10.3,1384.0
2024-08-02,10.2925,10.315,10.19,10.22,633.0
2024-08-05,10.4425,10.45,10.215,10.4,64.0
2024-08-06,10.285,10.3825,10.285,10.33,694.0
2024-08-07,10.2025,10.2325,10.1725,10.2075,195.0
2024-08-08,10.0975,10.2325,10.0975,10.2325,172.0
2024-08-09,10.28,10.28,10.145,10.18,24.0
2024-08-12,10.12,10.3825,10.12,10.205,12.0
2024-08-13,9.89,10.03,9.89,10.03,19.0
2024-08-14,9.7975,9.8975,9.7975,9.895,15972.0
2024-08-15,9.515,9.61,9.505,9.5175,15039.0
2024-08-16,9.3875,9.525,9.3625,9.505,17420.0
2024-08-19,9.5625,9.575,9.38,9.38,15833.0
2024-08-20,9.5725,9.6625,9.5075,9.5525,13630.0
2024-08-21,9.63,9.66,9.555,9.57,12788.0
2024-08-22,9.4125,9.63,9.4,9.62,17660.0
2024-08-23,9.52,9.54,9.4125,9.4175,16814.0
2024-08-26,9.5975,9.6125,9.3925,9.435,18427.0
2024-08-27,9.675,9.7175,9.57,9.59,13636.0
2024-08-28,9.585,9.695,9.535,9.6825,10273.0
2024-08-29,9.7375,9.75,9.57,9.5725,10556.0
2024-08-30,9.82,9.875,9.715,9.745,2055.0
2024-09-03,9.97,10.075,9.7875,9.7875,518.0
2024-09-04,10.06,10.06,9.875,9.875,382.0
2024-09-05,10.0825,10.0825,9.995,9.995,309.0
2024-09-06,9.8925,10.08,9.8925,10.08,122.0
2024-09-09,10.0,10.0025,10.0,10.0025,122.0
2024-09-10,9.775,9.8175,9.775,9.8025,59.0
2024-09-11,9.7975,9.7975,9.7825,9.7825,25.0
2024-09-12,9.915,9.915,9.875,9.875,4.0
2024-09-13,9.8675,9.8675,9.8675,9.8675,120065.0
2024-09-16,10.045,10.12,9.99,10.05,79098.0
2024-09-17,10.06,10.11,10.02,10.0375,80303.0
2024-09-18,10.14,10.22,10.0625,10.07,147447.0
2024-09-19,10.1325,10.1825,10.0675,10.15,116585.0
2024-09-20,10.12,10.19,10.0125,10.125,128091.0
2024-09-23,10.3925,10.4175,10.12,10.12,220319.0
2024-09-24,10.4225,10.5825,10.3275,10.37,206134.0
2024-09-25,10.5325,10.545,10.3125,10.42,175631.0
2024-09-26,10.41,10.6475,10.3975,10.5175,191090.0
2024-09-27,10.6575,10.695,10.3425,10.3975,237043.0
2024-09-30,10.57,10.6975,10.52,10.6025,167653.0
2024-10-01,10.5725,10.655,10.45,10.5575,165015.0
2024-10-02,10.56,10.6375,10.425,10.55,158797.0
2024-10-03,10.46,10.5625,10.4175,10.5375,126126.0
2024-10-04,10.3775,10.5525,10.3625,10.45,136658.0
2024-10-07,10.34,10.39,10.265,10.335,170260.0
2024-10-08,10.1625,10.395,10.115,10.325,215735.0
2024-10-09,10.2025,10.2725,10.115,10.15,185293.0
2024-10-10,10.1475,10.255,10.1175,10.1975,158953.0
2024-10-11,10.055,10.2375,10.04,10.145,213825.0
2024-10-14,9.96,10.085,9.955,10.02,165943.0
2024-10-15,9.91,9.96,9.81,9.95,239187.0
2024-10-16,9.8,10.015,9.7825,9.91,247535.0
2024-10-17,9.8875,9.9125,9.6825,9.7875,236377.0
2024-10-18,9.7,9.955,9.6925,9.895,229536.0
2024-10-21,9.81,9.8375,9.69,9.7,184725.0
2024-10-22,9.9175,9.97,9.7675,9.805,185249.0
2024-10-23,9.975,9.9975,9.85,9.92,157963.0
2024-10-24,9.9625,10.1225,9.9425,9.975,190684.0
2024-10-25,9.8775,9.9625,9.84,9.9625,143812.0
2024-10-28,9.74,9.855,9.735,9.84,109011.0
2024-10-29,9.6525,9.805,9.65,9.7475,82001.0
2024-10-30,9.765,9.79,9.6375,9.65,57700.0
2024-10-31,9.825,9.855,9.755,9.775,7820.0
2024-11-01,9.825,9.9725,9.7825,9.8425,3051.0
2024-11-04,9.8725,9.95,9.825,9.9,1524.0
2024-11-05,9.9375,9.9675,9.91,9.9225,629.0
2024-11-06,9.945,9.975,9.73,9.9175,391.0
2024-11-07,10.155,10.155,9.8975,9.97,545.0
2024-11-08,10.1675,10.3,10.06,10.15,427.0
2024-11-11,10.1175,10.2575,10.11,10.2075,212.0
2024-11-12,10.035,10.1175,9.9875,10.1175,209.0
2024-11-13,10.0425,10.0425,9.99,10.0125,86.0
2024-11-14,9.8575,9.9025,9.8575,9.9025,152378.0
2024-11-15,9.985,10.0525,9.8725,9.88,140153.0
2024-11-18,10.0975,10.115,9.895,10.025,107221.0
2024-11-19,9.985,10.1275,9.9525,10.0975,114559.0
2024-11-20,9.905,10.015,9.8525,9.985,110520.0
2024-11-21,9.7775,9.9875,9.7625,9.91,145233.0
2024-11-22,9.835,9.8525,9.7525,9.8075,113875.0
2024-11-25,9.8575,9.9325,9.83,9.875,100522.0
2024-11-26,9.835,9.9125,9.7675,9.8,131739.0
2024-11-27,9.8875,9.9425,9.8325,9.84,134095.0
2024-11-29,9.895,9.98,9.8275,9.9325,77392.0
2024-12-02,9.8525,9.905,9.775,9.895,124010.0
2024-12-03,9.9175,9.99,9.835,9.85,135065.0
2024-12-04,9.8375,9.92,9.805,9.915,113543.0
2024-12-05,9.9375,9.9475,9.8225,9.835,109222.0
2024-12-06,9.9375,9.975,9.8775,9.93,150604.0
2024-12-09,9.9,10.035,9.8575,9.9225,155123.0
2024-12-10,9.9475,10.0,9.885,9.9,162231.0
2024-12-11,9.955,10.01,9.88,9.94,177510.0
2024-12-12,9.9575,9.9825,9.885,9.95,178084.0
2024-12-13,9.8825,9.95,9.86,9.9425,97052.0
2024-12-16,9.82,9.935,9.81,9.875,126195.0
2024-12-17,9.7675,9.8625,9.705,9.825,170736.0
2024-12-18,9.5175,9.775,9.5025,9.7675,171410.0
2024-12-19,9.63,9.6475,9.4525,9.5025,170407.0
2024-12-20,9.745,9.775,9.6,9.625,110119.0
2024-12-23,9.695,9.7925,9.68,9.745,73622.0
2024-12-24,9.7525,9.7575,9.66,9.6825,28802.0
2024-12-26,9.88,9.8975,9.75,9.79,70637.0
2024-12-27,9.8,9.8925,9.7925,9.865,56059.0
2024-12-30,9.82,9.9475,9.7475,9.835,39468.0
